lon,lat,sol,win
116.4,39.9,4.32,3.61
116.38,39.9,4.32,3.61
116.42,39.93,4.32,3.61
116.37,39.92,4.32,3.61
116.43,39.88,4.32,3.61
116.35,39.87,4.32,3.61
116.43,39.92,4.32,3.61
116.28,39.85,4.32,3.61
116.22,39.9,4.32,3.61
116.3,39.95,4.32,3.61
116.1,39.93,4.32,3.61
116.13,39.75,4.32,3.61
116.65,39.92,4.32,3.61
116.65,40.13,4.4,4.52
116.23,40.22,4.4,4.52
116.33,39.73,4.32,3.61
116.63,40.32,4.4,4.52
117.12,40.13,4.43,4.46
116.83,40.37,4.4,4.52
115.97,40.45,4.51,4.58
117.2,39.12,4.36,3.52
117.2,39.12,4.36,3.52
117.22,39.12,4.36,3.52
117.22,39.12,4.36,3.52
117.15,39.13,4.36,3.52
117.18,39.15,4.36,3.52
117.15,39.17,4.36,3.52
117.65,39.02,4.36,3.52
117.8,39.25,4.36,3.52
117.45,38.83,4.32,3.3
117.3,39.08,4.36,3.52
117,39.13,4.36,3.52
117.38,38.98,4.32,3.3
117.13,39.22,4.36,3.52
117.03,39.38,4.36,3.52
117.3,39.72,4.36,3.52
117.68,39.03,4.36,3.52
117.82,39.33,4.36,3.52
116.92,38.93,4.33,3.4
117.4,40.05,4.43,4.46
114.52,38.05,4.28,3.57
114.52,38.05,4.28,3.57
114.5,38.05,4.28,3.57
114.9,40.78,4.53,4.58
114.5,37.07,4.25,3.38
114.47,37.05,4.25,3.38
114.87,40.83,4.53,4.58
114.47,38.03,4.28,3.57
114.47,38.05,4.28,3.57
116.87,38.32,4.33,3.4
114.05,38.08,4.28,3.57
114.52,38.02,4.28,3.57
114.13,38.03,4.28,3.57
114.57,38.15,4.28,3.57
114.65,37.88,4.25,3.38
114.55,38.43,4.28,3.57
114.37,38.3,4.28,3.57
114.6,37.6,4.25,3.38
115.2,38.18,4.32,3.51
114.38,37.67,4.25,3.38
114.97,38.18,4.28,3.57
114.2,38.25,4.28,3.57
114.52,37.75,4.25,3.38
114.77,37.75,4.25,3.38
115.22,37.92,4.3,3.33
114.83,38.03,4.28,3.57
115.03,38.03,4.32,3.51
114.68,38.35,4.28,3.57
114.3,38.08,4.28,3.57
118.2,39.63,4.36,4.29
118.17,39.63,4.36,4.29
118.22,39.63,4.36,4.29
118.42,39.73,4.36,4.29
118.27,39.68,4.36,4.29
118.1,39.57,4.36,4.29
118.17,39.83,4.36,4.29
118.7,39.75,4.36,4.29
118.68,39.5,4.36,4.29
118.9,39.42,4.36,4.29
118.32,40.15,4.43,4.83
117.73,39.88,4.36,3.52
118.45,39.27,4.36,4.29
117.95,40.18,4.43,4.46
118.7,40.02,4.43,4.83
119.6,39.93,4.21,5.07
119.6,39.93,4.21,5.07
119.77,40,4.39,5.2
119.48,39.83,4.21,5.07
118.95,40.4,4.43,4.83
119.17,39.7,4.21,5.07
119.23,39.88,4.21,5.07
118.87,39.88,4.36,4.29
114.48,36.62,4.21,3.17
114.48,36.6,4.21,3.17
114.48,36.63,4.21,3.17
114.45,36.63,4.21,3.17
114.2,36.42,4.21,3.17
114.53,36.6,4.21,3.17
114.62,36.35,4.21,3.17
114.68,36.43,4.21,3.17
115.15,36.28,4.26,3.19
113.67,36.57,4.33,3.15
114.37,36.35,4.21,3.17
114.8,36.55,4.21,3.17
114.48,36.78,4.21,3.17
115.17,36.82,4.26,3.19
114.87,36.92,4.21,3.17
114.93,36.48,4.21,3.17
115.3,36.53,4.26,3.19
114.93,36.37,4.21,3.17
114.95,36.78,4.21,3.17
114.2,36.7,4.21,3.17
114.48,37.07,4.25,3.38
114.5,38.05,4.28,3.57
114.9,40.78,4.53,4.58
114.5,37.07,4.25,3.38
114.87,40.83,4.53,4.58
114.47,38.03,4.28,3.57
114.47,37.05,4.25,3.38
114.5,37.08,4.25,3.38
114.5,37.43,4.25,3.38
114.52,37.3,4.25,3.38
114.68,37.5,4.25,3.38
114.77,37.35,4.25,3.38
114.68,37.13,4.25,3.38
114.68,37,4.25,3.38
114.92,37.62,4.25,3.38
115.03,37.22,4.3,3.33
115.25,37.53,4.3,3.33
115.15,37.07,4.3,3.33
115.03,37.07,4.3,3.33
115.25,36.98,4.26,3.19
115.67,37.07,4.3,3.33
115.5,36.85,4.26,3.19
115.38,37.35,4.3,3.33
114.5,36.85,4.21,3.17
115.47,38.87,4.32,3.51
115.45,38.87,4.32,3.51
115.48,38.87,4.32,3.51
115.5,38.85,4.32,3.51
115.32,38.95,4.32,3.51
115.48,38.77,4.32,3.51
115.72,39.4,4.3,3.71
114.18,38.85,4.28,3.57
115.65,39.02,4.3,3.71
115.77,39.27,4.3,3.71
114.98,38.75,4.28,3.57
115.78,38.68,4.32,3.51
115.87,39.05,4.3,3.71
114.68,39.35,4.41,3.75
115.15,38.72,4.32,3.51
115.93,38.92,4.32,3.51
115.5,39.35,4.3,3.71
114.7,38.62,4.28,3.57
115.57,38.48,4.32,3.51
115.13,38.83,4.32,3.51
115.47,38.45,4.32,3.51
116.1,38.98,4.33,3.4
115.97,39.48,4.3,3.71
114.97,38.52,4.28,3.57
115.32,38.42,4.32,3.51
115.85,39.33,4.3,3.71
114.88,40.82,4.53,4.58
114.5,38.05,4.28,3.57
114.9,40.78,4.53,4.58
114.5,37.07,4.25,3.38
114.87,40.83,4.53,4.58
114.47,38.03,4.28,3.57
114.47,37.05,4.25,3.38
115.05,40.6,4.51,4.58
115.27,40.48,4.51,4.58
115.02,40.55,4.51,4.58
114.7,41.15,4.55,6.07
114.62,41.85,4.55,6.07
115.7,41.67,4.45,6.14
113.97,41.08,4.53,5.91
114.57,39.85,4.41,3.75
114.17,40.12,4.53,4.58
114.42,40.67,4.53,4.58
114.72,40.75,4.53,4.58
115.52,40.4,4.51,4.58
115.22,40.38,4.51,4.58
115.83,40.92,4.51,4.58
115.27,40.97,4.51,4.58
117.93,40.97,4.43,4.46
117.93,40.97,4.43,4.46
117.78,40.95,4.43,4.46
117.65,40.55,4.43,4.46
118.17,40.77,4.43,4.83
117.52,40.43,4.43,4.46
118.68,41,4.46,6.1
117.33,40.93,4.43,4.46
117.72,41.32,4.44,6.11
116.65,41.2,4.4,6.12
118.48,40.6,4.43,4.83
117.75,41.93,4.44,6.11
116.83,38.3,4.33,3.4
114.47,38.05,4.28,3.57
116.87,38.32,4.33,3.4
116.85,38.32,4.33,3.4
116.87,38.3,4.33,3.4
116.82,38.58,4.33,3.4
116.53,37.88,4.32,3.27
117.48,38.13,4.32,3.3
117.22,38.05,4.32,3.3
115.83,38.43,4.32,3.51
116.7,38.03,4.33,3.4
116.38,37.62,4.32,3.27
116.12,38.18,4.33,3.4
117.1,38.07,4.32,3.3
116.57,38.07,4.33,3.4
116.1,38.72,4.33,3.4
117.35,38.37,4.32,3.3
116.08,38.43,4.33,3.4
116.7,39.52,4.32,3.61
116.68,39.52,4.32,3.61
116.72,39.53,4.32,3.61
116.3,39.43,4.32,3.61
116.5,39.32,4.32,3.61
117,39.77,4.36,3.52
116.63,38.7,4.33,3.4
116.47,38.87,4.33,3.4
116.98,39.88,4.32,3.61
116.4,39.1,4.32,3.61
117.07,39.98,4.36,3.52
115.68,37.73,4.3,3.33
115.68,37.73,4.3,3.33
115.72,37.52,4.3,3.33
115.88,37.82,4.3,3.33
115.98,38.03,4.32,3.51
115.73,38.23,4.32,3.51
115.52,38.23,4.32,3.51
115.97,37.35,4.3,3.33
116.27,37.7,4.32,3.27
116.15,37.87,4.32,3.27
115.57,37.57,4.3,3.33
115.55,38.02,4.32,3.51
112.55,37.87,4.46,3.41
112.57,37.73,4.46,3.41
112.57,37.87,4.46,3.41
112.57,37.88,4.46,3.41
112.48,37.93,4.46,3.41
112.52,37.87,4.46,3.41
112.48,37.73,4.46,3.41
112.35,37.6,4.46,3.41
112.67,38.07,4.45,3.61
111.78,38.07,4.54,4.24
112.17,37.92,4.46,3.41
113.3,40.08,4.55,4.52
113.28,40.08,4.55,4.52
113.6,37.85,4.41,3.39
113.12,36.22,4.33,3.15
112.83,35.5,4.18,2.87
113.17,40.03,4.55,4.52
113.57,37.87,4.41,3.39
113.13,40,4.55,4.52
113.15,40.27,4.55,4.52
113.75,40.37,4.55,4.52
114.08,40.42,4.53,4.58
114.28,39.77,4.41,3.75
114.23,39.43,4.41,3.75
113.68,39.7,4.49,3.74
112.7,40,4.55,4.45
113.6,40.03,4.55,4.52
113.57,37.85,4.41,3.39
113.28,40.08,4.55,4.52
113.6,37.85,4.41,3.39
113.12,36.22,4.33,3.15
112.83,35.5,4.18,2.87
113.17,40.03,4.55,4.52
113.57,37.87,4.41,3.39
113.58,37.93,4.41,3.39
113.12,36.2,4.33,3.15
113.62,37.8,4.41,3.39
113.4,38.08,4.45,3.59
113.12,36.2,4.33,3.15
113.28,40.08,4.55,4.52
113.6,37.85,4.41,3.39
113.12,36.22,4.33,3.15
112.83,35.5,4.18,2.87
113.58,37.93,4.41,3.39
113.12,36.2,4.33,3.15
113.03,36.05,4.33,3.15
113.05,36.53,4.33,3.15
112.88,36.32,4.36,3.13
113.43,36.2,4.33,3.15
113.38,36.5,4.33,3.15
113.2,36.12,4.33,3.15
112.87,36.12,4.36,3.13
112.85,36.83,4.36,3.13
112.7,36.75,4.36,3.13
112.33,36.5,4.36,3.13
113.22,36.33,4.33,3.15
112.83,35.5,4.18,2.87
113.28,40.08,4.55,4.52
113.6,37.85,4.41,3.39
113.12,36.22,4.33,3.15
112.83,35.5,4.18,2.87
112.18,35.68,4.18,2.87
112.42,35.48,4.18,2.87
113.27,35.78,4.15,2.95
112.83,35.5,4.18,2.87
112.92,35.8,4.18,2.87
112.43,39.33,4.53,3.73
112.43,39.33,4.53,3.73
112.82,39.52,4.53,3.73
113.18,39.55,4.49,3.74
112.47,39.98,4.53,3.73
113.08,39.83,4.49,3.74
112.75,37.68,4.46,3.41
112.75,37.68,4.46,3.41
112.97,37.07,4.46,3.41
113.37,37.07,4.41,3.39
113.57,37.33,4.41,3.39
113.7,37.62,4.41,3.39
113.18,37.88,4.41,3.39
112.55,37.42,4.46,3.41
112.33,37.35,4.46,3.41
112.17,37.18,4.46,3.41
111.77,36.85,4.32,4.1
111.92,37.03,4.46,4.3
110.98,35.02,4.11,4.35
110.98,35.02,4.11,4.35
110.77,35.15,4.11,4.35
110.83,35.42,4.11,4.35
111.22,35.35,4.14,3.61
110.97,35.6,4.11,4.35
111.22,35.62,4.14,3.61
111.57,35.48,4.14,3.61
111.67,35.3,4.14,3.61
111.22,35.15,4.14,3.61
111.22,34.83,3.98,2.83
110.68,34.7,3.98,3.04
110.7,35.6,4.11,4.35
112.73,38.42,4.45,3.61
112.73,38.42,4.45,3.61
112.95,38.48,4.45,3.61
113.25,38.73,4.45,3.59
112.95,39.07,4.53,3.73
113.25,39.18,4.49,3.74
112.3,39,4.53,3.73
111.93,38.37,4.54,4.24
112.2,39.08,4.53,3.73
111.85,38.9,4.54,4.24
111.57,38.7,4.54,4.24
111.13,39.38,4.58,3.93
111.5,39.43,4.58,3.93
112.7,38.73,4.45,3.61
111.52,36.08,4.32,4.1
111.52,36.08,4.32,4.1
111.47,35.63,4.14,3.61
111.72,35.73,4.14,3.61
111.43,35.88,4.14,3.61
111.67,36.25,4.32,4.1
111.92,36.27,4.32,4.1
112.25,36.15,4.36,3.13
111.83,35.97,4.14,3.61
110.68,36.1,4.35,5.07
110.83,35.97,4.11,4.35
110.75,36.47,4.35,5.07
110.93,36.7,4.35,5.07
110.63,36.77,4.35,5.07
111.08,36.42,4.32,4.1
111.57,36.65,4.32,4.1
111.35,35.62,4.14,3.61
111.72,36.57,4.32,4.1
111.13,37.52,4.46,4.3
111.13,37.52,4.46,4.3
112.02,37.43,4.46,3.41
112.15,37.55,4.46,3.41
111.12,38.47,4.54,4.24
110.98,37.95,4.47,5.19
110.9,37.43,4.47,5.19
110.83,37,4.47,5.19
111.67,38.28,4.54,4.24
111.23,37.88,4.46,4.3
111.18,37.33,4.46,4.3
111.2,36.97,4.32,4.1
111.77,37.15,4.46,4.3
111.78,37.27,4.46,4.3
111.73,40.83,4.55,4.38
111.65,40.87,4.55,4.38
111.6,40.8,4.55,4.38
111.67,40.75,4.55,4.38
111.68,40.8,4.55,4.38
111.13,40.72,4.55,4.38
111.18,40.27,4.55,4.38
111.82,40.38,4.55,4.38
111.68,39.92,4.58,3.93
111.45,41.08,4.5,5.6
109.83,40.65,4.53,4.55
110.02,40.58,4.57,4.3
109.83,40.63,4.53,4.55
109.9,40.65,4.53,4.55
110.27,40.68,4.57,4.3
109.97,40.6,4.53,4.55
110.52,40.57,4.57,4.3
110.05,41.03,4.55,5.44
110.43,41.7,4.55,5.44
106.82,39.67,4.6,5.78
106.83,39.7,4.6,5.78
106.88,39.43,4.6,5.78
106.7,39.5,4.6,5.78
118.92,42.27,4.36,6.52
118.97,42.28,4.36,6.52
119.28,42.03,4.25,6.08
118.92,42.28,4.36,6.52
120.08,43.88,4.26,4.74
119.38,43.98,4.29,5.2
118.67,43.52,4.31,6.1
118.05,43.6,4.31,6.1
117.53,43.25,4.18,7.01
119.02,42.93,4.25,6.08
118.7,41.93,4.46,6.1
119.33,41.6,4.43,6.09
119.9,42.28,4.25,6.08
122.27,43.62,4.32,4.75
122.27,43.62,4.32,4.75
123.32,44.13,4.22,5.24
122.35,42.95,4.22,4.61
121.3,43.6,4.31,4.75
121.77,42.73,4.19,5.11
120.65,42.85,4.19,5.61
120.92,44.55,4.2,4.88
119.65,45.53,4.12,6.3
109.8,39.62,4.61,4.52
110,39.82,4.57,4.12
110.03,40.4,4.57,4.3
111.23,39.87,4.58,3.93
107.48,38.18,4.64,5.84
107.98,39.1,4.65,5.74
108.72,39.83,4.66,5.13
108.85,38.6,4.62,5.58
109.73,39.57,4.61,4.52
119.77,49.22,3.83,4.8
119.77,49.22,3.83,4.8
123.47,48.13,3.8,4.44
123.72,50.58,3.63,3.84
119.75,49.13,3.83,4.8
119.43,49.32,3.83,4.8
118.27,48.22,3.9,5.87
116.82,48.67,3.95,6.35
117.45,49.58,3.85,6.1
120.73,49.28,3.74,4.35
122.75,47.98,3.94,4.3
120.18,50.23,3.68,4.04
121.52,50.78,3.68,3.95
107.42,40.75,4.5,5.69
107.4,40.75,4.5,5.69
108.27,41.1,4.51,5.57
107.02,40.33,4.5,5.69
108.65,40.72,4.6,5.12
108.52,41.57,4.51,5.57
107.07,41.1,4.47,5.72
107.15,40.88,4.5,5.69
113.12,40.98,4.55,4.52
113.1,41.03,4.53,5.91
112.57,40.9,4.55,4.45
114,41.9,4.55,6.07
113.53,41.55,4.53,5.91
113.88,40.88,4.55,4.52
112.48,40.53,4.55,4.45
113.22,40.78,4.55,4.52
112.63,41.27,4.5,5.76
113.18,41.45,4.53,5.91
111.7,41.52,4.5,5.6
113.15,40.43,4.55,4.52
122.05,46.08,4.07,5.17
122.05,46.08,4.07,5.17
119.93,47.18,3.96,6.04
121.92,46.07,3.99,5.72
121.47,45.05,4.12,5.71
122.9,46.73,4.07,5.17
121.57,45.38,4.12,5.71
116.07,43.95,4.33,6.94
111.98,43.65,4.56,6.22
116.07,43.93,4.33,6.94
114.97,44.02,4.35,6.62
113.63,43.85,4.48,6.54
112.65,42.75,4.54,6.39
116.97,45.52,4.2,6.69
117.6,44.58,4.21,6.96
115.28,41.9,4.45,6.14
113.83,42.23,4.53,6.59
115,42.3,4.46,6.9
116,42.25,4.4,6.93
116.47,42.18,4.4,6.93
105.67,38.83,4.64,6.01
105.67,38.83,4.64,6.01
101.68,39.2,4.7,6.72
101.07,41.97,4.69,5.99
123.43,41.8,4.17,4.39
123.4,41.78,4.17,4.39
123.45,41.8,4.17,4.39
123.47,41.8,4.17,4.39
123.42,41.82,4.17,4.39
122.95,41.12,4.24,4.34
123.35,41.8,4.17,4.39
123.33,41.67,4.17,4.39
123.47,41.77,4.17,4.39
123.52,42.05,4.17,4.66
123.3,41.78,4.17,4.39
122.72,41.52,4.24,4.34
123.35,42.75,4.17,4.66
123.4,42.5,4.17,4.66
122.82,42,4.22,4.61
121.62,38.92,4.56,6.1
121.63,38.92,4.56,6.1
121.6,38.92,4.56,6.1
121.58,38.9,4.56,6.1
121.57,38.95,4.56,6.1
121.27,38.82,4.56,6.1
121.7,39.1,4.41,4.88
122.58,39.27,4.16,4.49
122,39.62,4.16,4.49
121.95,39.4,4.41,4.88
122.98,39.7,4.16,4.49
122.98,41.1,4.24,4.34
122.98,41.1,4.24,4.34
122.95,41.12,4.24,4.34
123.35,41.8,4.17,4.39
123,41.15,4.17,4.39
122.97,41.07,4.24,4.34
122.42,41.38,4.24,4.34
123.28,40.28,4.11,4.14
122.7,40.88,4.28,3.94
123.98,41.88,4.17,4.39
123.88,41.87,4.17,4.39
124.02,41.85,4.04,4.44
123.78,41.85,4.17,4.39
123.93,41.88,4.17,4.39
123.9,41.88,4.17,4.39
125.03,41.73,3.97,4.41
124.92,42.1,4.08,4.71
123.77,41.3,4.17,4.39
123.77,41.3,4.17,4.39
123.77,41.33,4.17,4.39
123.82,41.3,4.17,4.39
123.73,41.1,4.17,4.39
124.12,41.3,4.04,4.44
125.35,41.27,3.97,4.41
124.38,40.13,3.96,4.33
124.38,40.13,3.96,4.33
124.35,40.08,3.96,4.33
124.42,40.17,3.96,4.33
124.78,40.73,3.96,4.33
124.15,39.87,4.17,4.77
124.07,40.45,3.96,4.33
121.13,41.1,4.31,5.03
121.12,41.13,4.31,5.03
121.15,41.12,4.31,5.03
121.1,41.1,4.31,5.03
122.12,41.7,4.24,4.34
121.23,41.53,4.31,5.03
121.35,41.17,4.31,5.03
122.23,40.67,4.28,3.94
122.27,40.68,4.28,3.94
122.22,40.67,4.28,3.94
122.12,40.27,4.28,3.94
122.37,40.67,4.28,3.94
122.35,40.4,4.28,3.94
122.5,40.65,4.28,3.94
121.67,42.02,4.19,5.11
121.65,42.02,4.19,5.11
121.67,42.02,4.19,5.11
121.42,41.75,4.31,5.03
121.68,42.03,4.19,5.11
121.75,42.07,4.19,5.11
122.53,42.38,4.22,4.61
123.17,41.27,4.17,4.39
123.17,41.27,4.17,4.39
123.18,41.27,4.17,4.39
123.2,41.2,4.17,4.39
123.45,41.13,4.17,4.39
123.18,41.25,4.17,4.39
123.07,41.22,4.17,4.39
123.33,41.42,4.17,4.39
122.07,41.12,4.24,4.34
122.05,41.2,4.24,4.34
122.07,41.12,4.24,4.34
122.07,40.98,4.28,3.94
122.02,41.25,4.24,4.34
123.83,42.28,4.17,4.66
123.85,42.28,4.17,4.66
124.15,42.53,4.08,4.71
123.83,42.3,4.17,4.66
124.72,42.73,4.08,4.71
124.1,42.78,4.08,4.71
123.55,42.47,4.17,4.66
124.03,42.55,4.08,4.71
120.45,41.57,4.38,5.73
120.45,41.57,4.38,5.73
120.43,41.6,4.38,5.73
120.47,41.58,4.38,5.73
119.63,41.4,4.43,6.09
120.77,41.8,4.38,5.73
119.4,41.25,4.43,6.09
120.83,40.72,4.31,5.1
120.87,40.77,4.31,5.1
120.93,40.72,4.31,5.1
120.75,41.1,4.38,5.73
120.33,40.32,4.31,5.1
119.8,40.82,4.39,5.2
120.72,40.62,4.31,5.1
125.32,43.9,4.05,4.98
125.33,43.87,4.05,4.98
125.32,43.92,4.05,4.98
125.28,43.83,4.05,4.98
125.37,43.87,4.05,4.98
125.25,43.88,4.05,4.98
125.67,43.52,4.05,4.98
125.18,44.43,4.07,5.21
125.83,44.15,4.07,5.21
126.55,44.82,4,4.48
125.7,44.53,4.07,5.21
126.55,43.83,3.97,4.41
126.57,43.88,3.97,4.41
126.57,43.92,3.97,4.41
126.53,43.83,3.97,4.41
126.57,43.82,3.97,4.41
126.5,43.67,3.97,4.41
127.33,43.72,3.91,3.84
126.73,42.97,4,4.29
126.95,44.42,4,4.48
126.05,42.95,4,4.29
124.35,43.17,4.13,5.16
124.35,43.15,4.13,5.16
124.38,43.17,4.13,5.16
124.33,43.32,4.13,5.16
125.3,43.35,4.05,4.98
124.82,43.5,4.13,5.16
123.5,43.52,4.23,4.96
125.13,42.88,4.02,4.59
125.12,42.9,4.02,4.59
125.15,42.92,4.02,4.59
125.53,42.68,4.02,4.59
125,42.92,4.02,4.59
125.93,41.73,3.97,4.41
125.95,41.73,3.97,4.41
126.03,41.77,3.93,4.31
125.75,41.68,3.97,4.41
126.03,42.68,4,4.29
125.73,42.28,4.02,4.59
125.68,42.53,4.02,4.59
126.18,41.12,3.93,4.31
126.42,41.93,3.93,4.31
126.4,41.93,3.93,4.31
127.28,42.33,3.96,3.99
126.8,42.4,4,4.29
128.2,41.42,4.02,4.75
126.9,41.8,3.93,4.31
124.82,45.13,4.06,5.62
124.8,45.17,4.06,5.62
123.98,44.28,4.22,5.24
124.02,45.02,4.06,5.62
126.02,44.98,4,4.48
122.83,45.62,4.17,5.41
122.85,45.62,4.17,5.41
123.2,45.85,4.17,5.52
123.08,44.82,4.22,5.24
122.78,45.33,4.17,5.41
124.28,45.5,4.06,5.62
129.5,42.88,3.89,4.61
129.5,42.88,3.89,4.61
129.83,42.97,3.89,4.61
128.23,43.37,3.87,4
130.37,42.87,3.81,5.21
129.42,42.77,3.89,4.61
129,42.53,3.89,4.61
129.75,43.32,3.87,4.17
128.9,43.12,3.87,4
126.53,45.8,3.96,4.5
126.62,45.77,3.96,4.5
126.68,45.77,3.96,4.5
126.65,45.78,3.96,4.5
126.68,45.72,3.96,4.5
126.62,45.62,3.96,4.5
126.55,45.8,3.96,4.5
126.58,45.9,3.96,4.5
129.55,46.32,3.79,5.1
128.83,45.83,3.82,4.45
127.48,45.75,3.96,3.72
127.4,46.08,3.94,3.68
128.03,45.95,3.82,4.45
128.75,45.97,3.82,4.45
128.33,45.45,3.82,4.45
126.32,45.37,3.96,4.5
127.95,45.22,3.96,3.72
127.15,44.92,3.91,3.75
123.95,47.33,3.94,4.91
123.95,47.32,3.94,4.91
123.95,47.35,3.94,4.91
123.98,47.35,3.94,4.91
123.8,47.15,3.94,4.91
123.62,47.2,3.94,4.91
123.18,47.33,3.94,4.91
125.3,47.88,3.98,5.39
123.42,46.4,4.07,5.41
123.5,47.92,3.94,4.91
124.47,47.82,3.98,5.52
125.87,48.03,3.84,5.11
126.25,48.03,3.75,4.68
126.08,47.6,3.87,4.51
124.87,48.48,3.84,5.04
130.97,45.3,3.84,5.21
130.97,45.3,3.84,5.21
130.93,45.2,3.84,5.21
130.78,45.37,3.84,5.21
130.68,45.08,3.84,5.21
131,45.33,3.84,4.56
130.52,45.2,3.84,5.21
131.13,45.25,3.84,4.56
132.98,45.77,3.81,3.9
131.87,45.55,3.84,4.56
130.27,47.33,3.71,4.13
130.28,47.33,3.71,4.13
130.33,46.8,3.81,5.11
130.25,47.32,3.71,4.13
130.28,47.3,3.71,4.13
130.22,47.27,3.71,4.13
130.32,47.33,3.71,4.13
130.3,47.37,3.71,4.13
130.83,47.58,3.71,4.13
131.85,47.28,3.71,3.88
131.15,46.63,3.81,4.4
131.17,46.63,3.81,4.4
131.13,46.57,3.81,4.4
131.33,46.58,3.81,4.4
131.4,46.57,3.81,4.4
131.13,46.72,3.81,4.4
131.8,46.78,3.81,4.4
132.2,46.32,3.79,3.7
134.02,46.8,3.7,3.79
125.03,46.58,4.05,5.34
125.02,46.6,4.05,5.34
125.1,46.53,4.05,5.34
124.85,46.65,4.05,5.64
124.88,46.4,4.05,5.64
124.82,46.03,4.05,5.64
125.27,45.7,4.06,5.29
125.08,45.52,4.06,5.29
124.87,47.18,3.98,5.52
124.45,46.87,4.05,5.64
128.9,47.73,3.75,3.88
129.28,47.13,3.75,4.13
128.82,47.85,3.75,3.88
129.28,47.48,3.75,4.13
128.65,47.72,3.75,3.88
129.53,48.28,3.68,3.76
129.13,47.63,3.75,4.13
129.43,47.42,3.75,4.13
129.25,48.12,3.68,3.76
128.78,47.72,3.75,3.88
129.57,48.45,3.68,3.76
129.02,47.02,3.75,4.13
129.42,48.6,3.68,3.76
129.38,48.23,3.68,3.76
129.02,47.97,3.75,4.13
130.38,48.88,3.64,3.64
128.02,46.98,3.79,4.39
130.37,46.82,3.81,5.11
130.28,47.33,3.71,4.13
130.33,46.8,3.81,5.11
130.37,46.82,3.81,5.11
130.4,46.82,3.81,5.11
130.32,46.8,3.81,5.11
130.57,46.23,3.81,5.11
130.72,47.02,3.71,4.13
129.9,46.73,3.79,5.1
134.28,48.37,3.62,3.64
132.52,47.65,3.74,3.63
132.03,47.25,3.74,3.63
130.95,45.78,3.84,5.21
130.83,45.8,3.84,5.21
130.97,45.77,3.84,5.21
131.07,45.77,3.84,4.56
130.57,45.75,3.84,5.21
129.6,44.58,3.85,4.36
129.62,44.58,3.85,4.36
129.63,44.6,3.85,4.36
129.58,44.58,3.85,4.36
129.62,44.57,3.85,4.36
131.12,44.07,3.88,4.34
130.27,45.3,3.84,5.21
131.15,44.42,3.88,4.34
129.38,44.57,3.85,4.36
129.47,44.35,3.85,4.36
130.52,44.92,3.89,4.45
127.48,50.25,3.64,5.53
127.48,50.25,3.64,5.53
128.47,49.58,3.67,4.76
127.32,49.42,3.68,5.52
126.52,48.23,3.75,4.68
126.2,48.52,3.75,4.68
126.98,46.63,3.94,4.51
126.98,46.63,3.94,4.51
126.48,46.83,3.94,4.51
126.28,46.27,3.94,4.51
126.1,46.68,3.94,4.51
127.52,46.88,3.94,3.68
125.9,47.18,3.98,5.39
127.1,47.25,3.87,3.64
125.33,46.4,4.05,5.34
125.98,46.07,4.05,5.34
126.97,47.47,3.87,4.51
124.12,50.42,3.64,3.8
126.65,51.73,3.61,4.14
124.7,52.32,3.49,3.98
122.53,52.97,3.46,4.07
121.47,31.23,3.81,5.58
121.48,31.23,3.81,5.58
121.47,31.22,3.81,5.58
121.43,31.18,3.81,5.58
121.42,31.22,3.81,5.58
121.45,31.23,3.81,5.58
121.4,31.25,3.81,5.58
121.45,31.25,3.81,5.58
121.5,31.27,3.81,5.58
121.52,31.27,3.81,5.58
121.38,31.12,3.81,5.58
121.48,31.4,3.81,5.58
121.27,31.38,3.81,5.58
121.53,31.22,3.81,5.58
121.33,30.75,3.89,5.65
121.22,31.03,3.81,5.58
121.12,31.15,3.81,5.58
121.75,31.05,3.81,5.58
121.47,30.92,3.89,5.65
121.4,31.62,3.81,5.58
118.78,32.07,3.88,3.89
118.8,32.05,3.88,3.89
118.78,32.03,3.88,3.89
118.8,32.02,3.88,3.89
118.75,32.03,3.88,3.89
117.18,34.28,4.11,3.6
118.77,32.07,3.88,3.89
118.73,32.08,3.88,3.89
118.62,32.05,3.88,3.89
118.88,32.12,3.88,3.89
118.77,32,3.88,3.89
118.85,31.95,3.75,3.86
118.83,32.35,3.88,3.89
119.02,31.65,3.77,4.11
118.88,31.33,3.75,3.86
120.3,31.57,3.78,4.68
120.3,31.58,3.78,4.68
120.3,31.57,3.78,4.68
120.28,31.58,3.78,4.68
120.35,31.6,3.78,4.68
120.28,31.68,3.78,4.68
120.27,31.57,3.78,4.68
120.27,31.9,3.78,4.68
119.82,31.35,3.77,4.11
117.18,34.27,4.11,3.6
117.18,34.28,4.11,3.6
118.77,32.07,3.88,3.89
117.22,34.25,4.11,3.6
117.13,34.3,4.11,3.6
117.45,34.45,4.11,3.6
117.18,34.25,4.11,3.6
116.6,34.7,4.14,3.37
116.93,34.73,4.14,3.37
117.17,34.18,4.11,3.6
117.95,33.9,4.04,3.72
118.35,34.38,4.17,3.71
117.95,34.32,4.11,3.6
119.95,31.78,3.77,4.11
119.93,31.75,3.77,4.11
119.93,31.78,3.77,4.11
120.05,31.73,3.78,4.68
119.97,31.83,3.77,4.11
119.93,31.72,3.77,4.11
119.48,31.42,3.77,4.11
119.57,31.75,3.77,4.11
120.58,31.3,3.78,4.68
120.63,31.3,3.78,4.68
120.63,31.32,3.78,4.68
120.6,31.32,3.78,4.68
120.57,31.3,3.78,4.68
120.63,31.27,3.78,4.68
120.63,31.37,3.78,4.68
120.75,31.65,3.78,4.68
120.55,31.87,3.78,4.68
120.98,31.38,3.78,4.68
120.63,31.17,3.78,4.68
121.1,31.45,3.81,5.58
120.88,31.98,3.78,4.68
120.85,32,3.93,4.62
120.8,32.03,3.93,4.62
120.45,32.55,3.93,4.62
121.18,32.32,3.95,5.5
121.65,31.82,3.81,5.58
120.57,32.4,3.93,4.62
121.07,32.08,3.95,5.5
121.17,31.9,3.81,5.58
119.22,34.6,4.09,3.82
119.37,34.75,4.09,3.82
119.17,34.6,4.09,3.82
119.12,34.57,4.09,3.82
119.12,34.83,4.09,3.82
118.77,34.53,4.17,3.71
119.25,34.3,4.09,3.82
119.35,34.08,4.09,3.82
119.02,33.62,4.02,3.93
119.02,33.6,4.02,3.93
119.13,33.5,4.02,3.93
119.03,33.63,4.02,3.93
119.03,33.58,4.02,3.93
119.27,33.78,4.02,3.93
118.83,33.3,4,3.82
118.48,33,4,3.82
119.02,33.02,4.02,3.93
120.15,33.35,4.02,4.46
120.13,33.4,4.02,4.46
120.15,33.33,4.02,4.46
119.57,34.2,4.09,3.82
119.83,33.98,4.02,3.93
119.8,33.78,4.02,3.93
120.25,33.78,4.02,4.46
119.8,33.47,4.02,3.93
120.3,32.85,3.93,4.62
120.47,33.2,4.02,4.46
119.4,32.4,3.88,4.08
119.43,32.38,3.88,4.08
119.4,32.38,3.88,4.08
119.4,32.42,3.88,4.08
119.3,33.23,4.02,3.93
119.18,32.27,3.88,4.08
119.43,32.78,3.88,4.08
119.55,32.43,3.88,4.08
119.45,32.2,3.88,4.08
119.47,32.2,3.88,4.08
119.4,32.2,3.88,4.08
119.45,32.13,3.88,4.08
119.57,32,3.88,4.08
119.82,32.23,3.88,4.08
119.17,31.95,3.77,4.11
119.92,32.45,3.88,4.08
119.85,32.92,3.88,4.08
120.27,32.02,3.93,4.62
120.02,32.17,3.93,4.62
120.15,32.52,3.93,4.62
118.28,33.97,4,3.82
118.25,33.97,4,3.82
118.32,33.95,4,3.82
118.77,34.13,4.17,3.71
118.68,33.72,4,3.82
118.22,33.47,4,3.82
120.15,30.28,3.69,4.66
120.17,30.25,3.69,4.66
120.17,30.28,3.69,4.66
120.2,30.27,3.69,4.66
120.13,30.32,3.69,4.66
120.13,30.27,3.69,4.66
120.2,30.2,3.69,4.66
120.27,30.17,3.69,4.66
120.3,30.42,3.69,4.66
119.67,29.8,3.56,3.94
119.03,29.6,3.56,3.94
119.28,29.48,3.56,3.94
119.95,30.05,3.63,4.03
119.72,30.23,3.63,4.03
121.55,29.88,3.59,5.73
121.55,29.87,3.59,5.73
121.57,29.87,3.59,5.73
121.55,29.88,3.59,5.73
121.85,29.93,3.59,5.73
121.72,29.95,3.59,5.73
121.53,29.83,3.59,5.73
121.87,29.48,3.59,5.73
121.43,29.28,3.59,5.73
121.15,30.03,3.89,5.65
121.23,30.17,3.89,5.65
121.4,29.65,3.59,5.73
120.7,28,3.58,4.68
120.65,28.02,3.58,4.68
120.82,27.93,3.55,4.8
121.15,27.83,4,5.98
120.68,28.15,3.58,4.68
120.57,27.67,3.55,4.8
120.4,27.5,3.55,4.8
120.08,27.78,3.55,4.8
119.72,27.57,3.6,4
120.63,27.78,3.55,4.8
120.95,28.13,3.58,4.68
120.75,30.75,3.69,4.66
120.7,30.77,3.69,4.66
120.92,30.85,3.69,4.66
120.95,30.53,3.69,4.66
120.68,30.53,3.69,4.66
121.02,30.7,3.89,5.65
120.57,30.63,3.69,4.66
120.08,30.9,3.69,4.66
120.12,30.87,3.69,4.66
120.43,30.88,3.69,4.66
119.97,30.53,3.63,4.03
119.9,31.02,3.77,4.11
119.68,30.63,3.63,4.03
120.57,30,3.69,4.66
120.57,30,3.69,4.66
120.47,30.08,3.69,4.66
120.9,29.5,3.61,4.66
120.23,29.72,3.61,4.66
120.87,30.03,3.69,4.66
120.82,29.58,3.61,4.66
119.65,29.08,3.56,3.94
119.65,29.08,3.56,3.94
119.7,29.08,3.56,3.94
119.82,28.9,3.53,3.86
119.88,29.45,3.56,3.94
120.43,29.05,3.61,4.66
119.45,29.22,3.56,3.94
120.07,29.3,3.61,4.66
120.23,29.28,3.61,4.66
120.03,28.9,3.58,4.68
118.87,28.93,3.52,3.37
118.87,28.93,3.52,3.37
118.93,28.98,3.52,3.37
118.52,28.9,3.52,3.37
118.42,29.13,3.54,3.58
119.17,29.03,3.56,3.94
118.62,28.75,3.52,3.37
122.2,30,3.92,6.63
122.1,30.02,3.92,6.63
122.3,29.95,3.92,6.79
122.2,30.25,3.92,6.63
122.45,30.73,3.92,6.63
121.43,28.68,3.59,5.83
121.43,28.68,3.59,5.83
121.27,28.65,3.59,5.83
121.38,28.58,3.59,5.83
121.23,28.13,3.59,5.83
121.38,29.12,3.59,5.73
121.03,29.13,3.59,5.73
120.73,28.87,3.58,4.68
121.37,28.37,3.59,5.83
121.12,28.85,3.59,5.83
119.92,28.45,3.53,3.86
119.92,28.45,3.53,3.86
120.28,28.15,3.58,4.68
120.07,28.65,3.58,4.68
119.27,28.6,3.53,3.86
119.48,28.45,3.53,3.86
119.57,28.12,3.53,3.86
119.05,27.62,3.6,4
119.63,27.98,3.6,4
119.13,28.08,3.53,3.86
117.25,31.83,3.7,3.61
117.3,31.87,3.7,3.61
117.25,31.88,3.7,3.61
117.27,31.85,3.7,3.61
117.3,31.8,3.7,3.61
117.17,32.48,3.89,3.7
117.47,31.88,3.7,3.61
117.17,31.72,3.7,3.61
118.38,31.33,3.75,3.86
118.37,31.35,3.75,3.86
118.38,31.37,3.75,3.86
118.57,31.15,3.75,3.86
118.2,31.08,3.75,3.86
118.33,30.92,3.61,3.74
117.38,32.92,3.89,3.7
117.38,32.95,3.89,3.7
117.35,32.95,3.89,3.7
117.33,32.93,3.89,3.7
117.35,32.97,3.89,3.7
117.18,32.97,3.89,3.7
117.88,33.15,4.04,3.72
117.32,33.32,4.04,3.72
117,32.63,3.89,3.7
117.05,32.63,3.89,3.7
117,32.67,3.89,3.7
116.85,32.6,3.89,3.59
116.83,32.63,3.89,3.59
116.82,32.78,3.89,3.59
116.72,32.7,3.89,3.59
118.5,31.7,3.75,3.86
118.48,31.73,3.75,3.86
118.5,31.72,3.75,3.86
118.48,31.68,3.75,3.86
118.48,31.55,3.75,3.86
116.8,33.95,4.04,3.49
116.82,34,4.14,3.37
116.8,33.95,4.04,3.49
116.8,33.9,4.04,3.49
116.77,33.92,4.04,3.49
117.82,30.93,3.66,3.46
117.82,30.93,3.66,3.46
117.85,30.95,3.66,3.46
117.78,30.92,3.66,3.46
117.78,30.95,3.66,3.46
117.05,30.53,3.66,3.46
117.05,30.5,3.66,3.46
117.03,30.52,3.66,3.46
117.78,30.92,3.66,3.46
116.83,30.72,3.63,3.48
117.2,30.7,3.66,3.46
116.57,30.63,3.63,3.48
116.27,30.43,3.63,3.48
116.12,30.15,3.63,3.48
116.68,30.13,3.63,3.48
116.35,30.85,3.63,3.48
116.95,31.05,3.67,3.58
118.33,29.72,3.54,3.58
118.33,29.72,3.54,3.58
118.13,30.3,3.61,3.74
118.33,29.82,3.54,3.58
118.43,29.87,3.54,3.58
118.18,29.78,3.54,3.58
117.93,29.93,3.6,3.21
117.72,29.87,3.6,3.21
118.32,32.3,3.88,3.89
118.3,32.3,3.88,3.89
118.3,32.32,3.88,3.89
118.43,32.45,3.88,3.89
118.27,32.1,3.88,3.89
117.67,32.53,3.89,3.7
117.57,32.87,3.89,3.7
119,32.7,3.88,4.08
117.98,32.78,3.89,3.7
115.82,32.9,3.87,3.48
115.8,32.88,3.87,3.48
115.85,32.92,3.87,3.48
115.8,32.93,3.87,3.48
115.25,33.07,4,3.26
115.62,33.17,4,3.26
115.58,32.63,3.87,3.48
116.27,32.63,3.89,3.59
116.98,33.63,4.04,3.49
116.97,33.63,4.04,3.49
116.35,34.42,4.14,3.37
116.93,34.18,4.14,3.37
117.55,33.55,4.04,3.72
117.88,33.48,4.04,3.72
117.87,31.6,3.7,3.61
117.85,31.6,3.7,3.61
117.28,31.25,3.7,3.61
117.92,31.3,3.7,3.61
118.1,31.72,3.75,3.86
118.37,31.72,3.75,3.86
116.5,31.77,3.67,3.58
116.5,31.77,3.67,3.58
116.48,31.77,3.67,3.58
116.78,32.58,3.89,3.59
116.27,32.33,3.89,3.59
116.93,31.47,3.67,3.58
115.92,31.72,3.69,3.56
116.33,31.4,3.67,3.58
115.78,33.85,4,3.26
115.77,33.88,4,3.26
116.22,33.52,4.04,3.49
116.57,33.27,4.04,3.49
116.2,33.15,4.04,3.49
117.48,30.67,3.66,3.46
117.48,30.65,3.66,3.46
117.02,30.1,3.66,3.46
117.48,30.22,3.66,3.46
117.85,30.65,3.66,3.46
118.75,30.95,3.61,3.74
118.75,30.95,3.61,3.74
119.17,31.13,3.77,4.11
119.42,30.9,3.63,4.03
118.4,30.7,3.61,3.74
118.6,30.07,3.61,3.74
118.53,30.28,3.61,3.74
118.98,30.63,3.61,3.74
119.3,26.08,3.54,4.36
119.3,26.08,3.54,4.36
119.3,26.07,3.54,4.36
119.32,26.05,3.54,4.36
119.45,26,3.54,4.36
119.32,26.08,3.54,4.36
119.13,26.15,3.54,4.36
119.53,26.2,3.54,4.36
119.55,26.48,3.54,4.36
118.85,26.22,3.66,4.2
118.93,25.87,3.63,4.8
119.78,25.52,3.63,5.08
119.38,25.72,3.63,5.08
119.52,25.97,3.63,5.08
118.08,24.48,4.02,5.37
118.08,24.45,4.02,5.37
117.98,24.47,3.73,4.56
118.08,24.52,4.02,5.37
118.1,24.57,4.02,5.37
118.15,24.73,4.02,5.37
118.23,24.62,4.02,5.37
119,25.43,3.63,5.08
119,25.43,3.63,5.08
119.1,25.45,3.63,5.08
119.02,25.43,3.63,5.08
119.08,25.32,3.63,5.08
118.68,25.37,3.63,4.8
117.62,26.27,3.5,4.04
117.63,26.27,3.5,4.04
117.6,26.23,3.5,4.04
117.2,26.37,3.5,4.04
116.82,26.18,3.48,3.65
116.65,26.27,3.48,3.65
117.85,25.7,3.62,4.51
118.18,26.17,3.66,4.2
117.78,26.4,3.5,4.04
117.47,26.73,3.5,4.04
117.17,26.9,3.5,4.04
116.83,26.83,3.48,3.65
117.37,25.98,3.62,4.51
118.67,24.88,4.02,5.37
118.6,24.92,4.02,5.37
118.6,24.92,4.02,5.37
118.67,24.95,4.02,5.37
118.88,25.12,3.63,4.8
118.8,25.03,3.63,4.8
118.18,25.07,3.63,4.8
118.3,25.32,3.63,4.8
118.23,25.5,3.63,4.8
118.32,24.43,4.02,5.37
118.65,24.73,4.02,5.37
118.58,24.82,4.02,5.37
118.38,24.97,4.02,5.37
117.65,24.52,3.73,4.56
117.65,24.52,3.73,4.56
117.72,24.52,3.73,4.56
117.33,23.95,4.26,5.18
117.62,24.13,3.73,4.56
117.18,23.72,4.26,5.18
117.75,24.62,3.73,4.56
117.43,23.7,4.26,5.18
117.37,24.52,3.73,4.56
117.3,24.37,3.73,4.56
117.53,25.02,3.62,4.51
117.82,24.45,3.73,4.56
118.17,26.65,3.66,4.2
118.17,26.65,3.66,4.2
117.8,26.8,3.5,4.04
118.53,27.92,3.5,3.58
117.33,27.55,3.45,3.16
118.78,27.53,3.5,3.58
118.85,27.37,3.5,3.58
117.48,27.37,3.45,3.16
118.03,27.77,3.5,3.58
118.32,27.03,3.5,3.58
118.12,27.33,3.5,3.58
117.03,25.1,3.62,4.51
117.03,25.1,3.62,4.51
116.35,25.83,3.57,3.92
116.73,24.72,3.76,4.15
116.42,25.05,3.57,3.92
116.1,25.1,3.57,3.92
116.75,25.72,3.57,3.92
117.42,25.3,3.62,4.51
119.52,26.67,3.54,4.36
119.52,26.67,3.54,4.36
120,26.88,3.89,5.03
118.75,26.58,3.66,4.2
118.98,26.92,3.66,4.2
119.5,27.47,3.6,4
119.33,27.12,3.6,4
119.9,27.23,3.6,4
119.65,27.08,3.6,4
120.22,27.33,3.55,4.8
115.85,28.68,3.44,3.62
115.9,28.68,3.44,3.62
115.87,28.67,3.44,3.62
115.92,28.63,3.44,3.62
115.73,28.72,3.44,3.62
115.95,28.68,3.44,3.62
115.93,28.55,3.44,3.62
115.82,28.7,3.44,3.62
115.55,28.85,3.44,3.62
116.27,28.37,3.61,3.25
117.17,29.27,3.6,3.21
117.17,29.27,3.6,3.21
117.2,29.3,3.6,3.21
117.25,29.37,3.6,3.21
117.12,28.97,3.58,2.89
113.85,27.63,3.34,3.24
113.87,27.65,3.34,3.24
113.73,27.65,3.34,3.24
113.95,27.13,3.34,3.24
113.8,27.88,3.34,3.24
114.03,27.63,3.34,3.49
116,29.7,3.6,3.37
115.98,29.68,3.49,3.53
115.98,29.73,3.49,3.53
115.88,29.62,3.49,3.53
115.1,29.27,3.49,3.53
114.57,29.03,3.46,3.42
115.8,29.03,3.49,3.53
115.77,29.33,3.49,3.53
116.03,29.45,3.6,3.37
116.18,29.27,3.6,3.37
116.22,29.73,3.6,3.37
116.55,29.9,3.6,3.37
115.67,29.68,3.49,3.53
114.92,27.82,3.34,3.49
114.93,27.8,3.34,3.49
114.67,27.82,3.34,3.49
117.07,28.27,3.58,2.89
117.05,28.23,3.58,2.89
116.82,28.2,3.61,3.25
117.22,28.28,3.58,2.89
114.93,25.83,3.41,3.09
114.93,25.87,3.41,3.09
115,25.87,3.55,3.33
114.93,25.38,3.41,3.09
114.35,25.4,3.41,3.09
114.53,25.8,3.41,3.09
114.3,25.7,3.41,3.09
115.38,25.13,3.55,3.33
114.78,24.92,3.55,3.61
115.03,24.78,3.69,3.75
114.52,24.75,3.55,3.61
116.02,26.48,3.48,3.65
115.42,25.95,3.55,3.33
115.35,26.33,3.48,3.26
115.78,25.6,3.55,3.33
115.65,24.95,3.69,3.75
116.33,26.33,3.48,3.65
116.03,25.88,3.57,3.92
114.75,25.65,3.41,3.09
114.98,27.12,3.34,3.49
114.98,27.12,3.34,3.49
115,27.1,3.48,3.53
114.9,27.05,3.34,3.49
115.13,27.22,3.48,3.53
115.33,27.62,3.48,3.53
115.4,27.77,3.48,3.53
115.43,27.32,3.48,3.53
114.88,26.8,3.33,3.05
114.52,26.33,3.33,3.05
114.78,26.47,3.33,3.05
114.62,27.38,3.34,3.49
114.23,26.95,3.33,3.05
114.27,26.72,3.33,3.05
114.38,27.8,3.34,3.49
114.38,27.8,3.34,3.49
115.38,28.7,3.44,3.62
114.43,28.12,3.34,3.61
114.92,28.23,3.34,3.61
114.78,28.38,3.34,3.61
115.35,28.87,3.44,3.62
114.37,28.53,3.34,3.61
115.78,28.2,3.44,3.62
115.53,28.07,3.44,3.62
115.37,28.42,3.44,3.62
116.35,28,3.61,3.25
116.35,27.98,3.48,3.34
116.63,27.55,3.48,3.34
116.92,27.3,3.48,3.34
116.53,27.22,3.48,3.34
116.05,27.77,3.48,3.34
115.83,27.43,3.48,3.53
116.22,27.55,3.48,3.34
116.77,27.92,3.48,3.34
117.07,27.7,3.45,3.16
116.62,28.23,3.61,3.25
116.32,26.83,3.48,3.65
117.97,28.45,3.58,2.89
117.95,28.43,3.58,2.89
117.92,28.43,3.58,2.89
118.18,28.43,3.52,3.37
118.25,28.68,3.52,3.37
117.7,28.32,3.58,2.89
117.6,28.42,3.58,2.89
117.43,28.4,3.58,2.89
116.68,28.7,3.61,3.25
116.67,29,3.6,3.37
117.07,28.7,3.58,2.89
117.85,29.25,3.6,3.21
117.57,28.95,3.58,2.89
116.98,36.67,4.29,3.2
117.08,36.67,4.28,3.22
117,36.65,4.28,3.22
116.58,35.4,4.2,3.24
117.57,34.87,4.11,3.6
116.93,36.65,4.29,3.2
116.98,36.68,4.29,3.2
117.07,36.68,4.28,3.22
116.73,36.55,4.29,3.2
116.45,36.28,4.29,3.2
117.22,36.98,4.28,3.22
117.15,37.32,4.33,3.2
117.53,36.72,4.28,3.22
120.38,36.07,4.22,4.95
120.38,36.07,4.22,4.95
120.38,36.08,4.22,4.95
120.35,36.1,4.22,4.95
120.18,35.97,4.33,4.37
120.47,36.1,4.22,4.95
120.43,36.15,4.22,4.95
120.37,36.3,4.22,4.95
120.03,36.27,4.22,4.95
120.45,36.38,4.22,4.95
119.95,36.78,4.25,4.26
120.03,35.87,4.33,4.37
120.5,36.87,4.22,4.95
118.05,36.82,4.26,3.74
118.03,36.82,4.26,3.74
117.85,36.5,4.28,3.22
118.3,36.82,4.26,3.74
117.87,36.8,4.28,3.22
118.08,36.97,4.26,3.74
117.82,37.17,4.33,3.2
118.17,36.18,4.26,3.74
117.32,34.82,4.11,3.6
117,36.65,4.28,3.22
116.58,35.4,4.2,3.24
117.57,34.87,4.11,3.6
117.25,34.8,4.11,3.6
117.58,34.77,4.11,3.6
117.73,34.57,4.11,3.6
117.45,35.08,4.26,3.35
117.15,35.08,4.26,3.35
118.67,37.43,4.29,4.3
118.5,37.47,4.29,4.3
118.53,37.88,4.29,4.3
118.55,37.58,4.29,4.3
118.25,37.48,4.29,4.3
118.4,37.07,4.29,4.3
121.43,37.45,4.31,6.4
121.38,37.53,4.31,6.4
121.25,37.5,4.31,6.4
121.6,37.38,4.31,6.4
121.43,37.5,4.31,6.4
120.73,37.92,4.33,6.11
120.52,37.65,4.33,6.11
120.7,36.98,4.22,4.95
119.93,37.18,4.33,5.41
120.75,37.82,4.33,6.11
120.4,37.37,4.33,6.11
120.83,37.3,4.33,6.11
121.15,36.78,4.23,5.79
119.15,36.7,4.25,4.26
119.1,36.72,4.25,4.26
119.22,36.77,4.25,4.26
119.17,36.67,4.25,4.26
119.12,36.72,4.25,4.26
118.53,36.52,4.26,3.74
118.82,36.7,4.26,3.74
118.47,36.68,4.26,3.74
119.4,36,4.25,4.26
118.73,36.88,4.26,3.74
119.2,36.43,4.25,4.26
119.75,36.38,4.25,4.26
119.4,36.87,4.25,4.26
116.58,35.42,4.2,3.24
117,36.65,4.28,3.22
116.58,35.4,4.2,3.24
117.57,34.87,4.11,3.6
116.58,35.42,4.2,3.24
117.13,34.82,4.11,3.6
116.65,35,4.2,3.24
116.3,35.07,4.2,3.24
116.33,35.42,4.2,3.24
116.48,35.73,4.2,3.24
117.27,35.67,4.26,3.35
116.08,35.8,4.2,3.24
116.98,35.58,4.2,3.24
116.83,35.55,4.2,3.24
116.97,35.4,4.2,3.24
117.08,36.2,4.28,3.22
117.13,36.18,4.28,3.22
117,36.18,4.28,3.22
116.8,35.77,4.2,3.24
116.47,35.93,4.2,3.24
117.77,35.92,4.26,3.35
116.77,36.18,4.29,3.2
122.12,37.52,4.39,6.7
122.12,37.5,4.39,6.7
122.05,37.2,4.39,6.7
122.42,37.17,4.39,6.7
121.53,36.92,4.23,5.79
119.52,35.42,4.15,3.74
119.45,35.42,4.15,3.74
119.33,35.1,4.15,3.74
119.2,35.75,4.15,3.74
118.83,35.58,4.23,3.55
117.67,36.22,4.28,3.22
117.65,36.2,4.28,3.22
117.8,36.07,4.28,3.22
118.35,35.05,4.23,3.55
118.33,35.07,4.23,3.55
118.28,34.98,4.17,3.71
118.4,35.08,4.23,3.55
118.47,35.55,4.23,3.55
118.35,34.62,4.17,3.71
118.62,35.78,4.23,3.55
118.05,34.85,4.17,3.71
117.97,35.27,4.26,3.35
117.63,35.5,4.26,3.35
118.83,35.18,4.23,3.55
117.93,35.72,4.26,3.35
118.65,34.92,4.17,3.71
116.3,37.45,4.32,3.27
116.3,37.45,4.32,3.27
116.57,37.33,4.32,3.27
116.78,37.65,4.32,3.27
117.38,37.78,4.33,3.2
116.87,37.18,4.32,3.27
116.75,36.8,4.29,3.2
116.43,37.17,4.32,3.27
116,36.95,4.29,3.2
116.07,37.22,4.32,3.27
117.23,37.73,4.33,3.2
116.63,36.93,4.29,3.2
115.98,36.45,4.26,3.19
115.98,36.45,4.26,3.19
115.78,36.12,4.26,3.19
115.67,36.23,4.26,3.19
116.25,36.58,4.29,3.2
116.25,36.33,4.29,3.2
115.43,36.48,4.26,3.19
116.23,36.87,4.29,3.2
115.7,36.85,4.26,3.19
117.97,37.38,4.33,3.2
118,37.38,4.29,4.3
117.5,37.48,4.33,3.2
117.58,37.63,4.33,3.2
117.6,37.73,4.33,3.2
118.13,37.7,4.29,4.3
118.13,37.15,4.29,4.3
117.73,36.88,4.28,3.22
115.43,35.25,4.2,3.13
115.53,34.83,4.1,3.15
116.08,34.8,4.14,3.37
115.88,34.95,4.1,3.15
116.08,35.4,4.2,3.24
115.93,35.6,4.2,3.13
115.5,35.57,4.2,3.13
115.57,35.07,4.2,3.13
115.08,35.28,4.2,3.13
113.62,34.75,4.02,2.78
113.6,34.75,4.02,2.78
113.65,34.73,4.02,2.78
113.67,34.75,4.02,2.78
113.65,34.78,4.02,2.78
113.28,34.82,4.02,2.78
113.6,34.87,4.02,2.78
113.97,34.72,4.02,2.78
112.98,34.77,3.94,2.62
113.4,34.78,4.02,2.78
113.38,34.53,4.02,2.78
113.73,34.4,4.02,2.78
113.03,34.47,4.02,2.78
114.3,34.8,4.07,2.95
114.35,34.8,4.07,2.95
114.35,34.8,4.07,2.95
114.35,34.78,4.07,2.95
114.78,34.55,4.07,2.95
114.47,34.48,4.07,2.95
114.18,34.42,4.07,2.95
114.43,34.77,4.07,2.95
114.82,34.82,4.07,2.95
112.45,34.62,3.94,2.62
112.47,34.68,3.94,2.62
112.43,34.67,3.94,2.62
112.4,34.67,3.94,2.62
112.58,34.9,3.94,2.62
112.45,34.62,3.94,2.62
112.43,34.83,3.94,2.62
112.15,34.72,3.94,2.62
111.62,33.78,3.85,2.52
112.1,34.15,3.94,2.62
112.47,34.15,3.94,2.62
112.17,34.52,3.94,2.62
111.65,34.38,3.98,2.83
112.42,34.42,3.94,2.62
112.78,34.73,3.94,2.62
113.18,33.77,3.89,2.77
113.3,33.73,3.89,2.77
113.33,33.73,3.89,2.77
112.88,33.9,3.8,2.51
113.28,33.73,3.89,2.77
113.07,33.88,3.89,2.77
113.35,33.62,3.89,2.77
112.9,33.73,3.8,2.51
113.22,33.97,3.89,2.77
113.52,33.3,3.89,2.77
112.83,34.17,3.94,2.62
114.38,36.1,4.21,3.17
114.35,36.08,4.21,3.17
114.35,36.12,4.21,3.17
114.3,36.12,4.21,3.17
114.32,36.1,4.21,3.17
114.35,36.1,4.21,3.17
114.35,35.92,4.13,3.03
114.52,35.58,4.13,3.03
114.9,35.95,4.13,3.03
113.82,36.07,4.33,3.15
114.28,35.75,4.13,3.03
114.15,35.95,4.13,3.03
114.18,35.9,4.13,3.03
114.3,35.73,4.13,3.03
114.55,35.67,4.13,3.03
114.2,35.6,4.13,3.03
113.9,35.3,4.15,2.95
113.87,35.3,4.15,2.95
113.85,35.3,4.15,2.95
113.92,35.38,4.15,2.95
113.9,35.32,4.15,2.95
113.8,35.2,4.15,2.95
113.65,35.27,4.15,2.95
113.97,35.05,4.15,2.95
114.2,35.15,4.13,3.03
114.42,35.05,4.13,3.03
114.68,35.2,4.13,3.03
114.07,35.4,4.13,3.03
113.8,35.47,4.15,2.95
113.25,35.22,4.15,2.95
113.22,35.25,4.15,2.95
113.17,35.23,4.15,2.95
113.32,35.27,4.15,2.95
113.25,35.22,4.15,2.95
113.43,35.23,4.15,2.95
113.07,35.17,4.15,2.95
113.38,35.1,4.15,2.95
113.08,34.93,4.02,2.78
112.58,35.07,4.18,2.87
112.93,35.08,4.18,2.87
112.78,34.9,3.94,2.62
115.03,35.77,4.2,3.13
115.07,35.78,4.2,3.13
115.12,35.9,4.2,3.13
115.2,36.08,4.26,3.19
115.5,35.87,4.2,3.13
115.85,36,4.26,3.19
115.02,35.7,4.2,3.13
113.85,34.03,4.02,2.78
113.82,34.03,4.02,2.78
113.83,34,4.02,2.78
114.2,34.1,4.07,2.95
113.48,33.85,3.89,2.77
113.47,34.17,4.02,2.78
113.77,34.22,4.02,2.78
114.02,33.58,3.98,3.02
114,33.58,3.98,3.02
114.07,33.57,3.98,3.02
113.6,33.43,3.89,2.77
113.93,33.82,3.89,2.77
111.2,34.78,3.98,2.83
111.2,34.78,3.98,2.83
111.75,34.77,3.98,2.83
111.08,34.7,3.98,2.83
111.05,34.05,3.98,2.83
111.87,34.75,3.98,2.83
110.87,34.52,3.98,3.04
112.52,33,3.8,2.51
112.55,33.02,3.8,2.51
112.53,32.98,3.74,2.55
112.43,33.5,3.8,2.51
113,33.27,3.89,2.77
111.48,33.28,3.85,2.52
112.23,33.03,3.8,2.51
111.85,33.05,3.85,2.52
111.48,33.13,3.85,2.52
112.93,33.05,3.8,2.51
112.83,32.7,3.74,2.55
112.35,32.52,3.74,2.55
113.4,32.37,3.79,2.9
112.08,32.68,3.74,2.55
115.65,34.45,4.1,3.15
115.63,34.45,4.1,3.15
115.63,34.38,4.1,3.15
115.13,34.65,4.1,3.15
115.07,34.45,4.1,3.15
115.32,34.45,4.1,3.15
115.3,34.07,4.1,3.15
115.85,34.4,4.1,3.15
116.13,34.23,4.14,3.37
116.43,33.92,4.04,3.49
114.07,32.13,3.83,3.25
114.05,32.12,3.83,3.25
114.12,32.1,3.83,3.25
114.53,32.2,3.83,3.25
114.9,32.02,3.83,3.25
114.87,31.63,3.7,3.35
115.4,31.8,3.69,3.56
115.68,32.18,3.87,3.48
115.03,32.13,3.87,3.48
115.4,32.43,3.87,3.48
114.73,32.35,3.83,3.25
114.65,33.62,3.98,3.02
114.38,34.07,4.07,2.95
114.53,33.8,3.98,3.02
114.6,33.53,3.98,3.02
115.07,33.4,4,3.26
115.2,33.65,4,3.26
114.88,33.73,3.98,3.02
114.85,34.07,4.07,2.95
115.48,33.87,4,3.26
114.9,33.45,3.98,3.02
114.02,32.98,3.83,3.25
114.05,32.97,3.83,3.25
114.02,33.38,3.98,3.02
114.27,33.27,3.98,3.02
114.63,32.97,3.83,3.25
114.38,32.6,3.83,3.25
114.02,32.8,3.83,3.25
113.32,32.72,3.79,2.9
114.35,33,3.98,3.02
114,33.15,3.98,3.02
114.98,32.75,3.83,3.25
114.3,30.6,3.67,3.33
114.3,30.6,3.67,3.33
114.27,30.6,3.67,3.33
114.27,30.57,3.67,3.33
114.27,30.55,3.67,3.33
114.3,30.57,3.67,3.33
114.38,30.63,3.67,3.33
114.33,30.5,3.67,3.33
114.13,30.62,3.67,3.33
114.08,30.32,3.67,3.33
114.03,30.58,3.67,3.33
114.32,30.35,3.67,3.33
114.37,30.87,3.67,3.33
114.8,30.85,3.67,3.33
115.03,30.2,3.66,3.51
115.07,30.23,3.66,3.51
115.12,30.2,3.66,3.51
114.97,30.18,3.67,3.33
114.9,30.2,3.67,3.33
115.2,29.85,3.49,3.53
114.97,30.1,3.67,3.33
110.78,32.65,3.61,2.83
110.82,32.6,3.61,2.83
110.78,32.65,3.61,2.83
110.82,32.83,3.61,2.83
110.42,33,3.82,2.54
110.23,32.23,3.61,2.83
109.72,32.32,3.59,2.9
110.73,32.07,3.61,2.83
111.52,32.55,3.61,2.69
111.28,30.7,3.35,2.71
111.27,30.7,3.35,2.71
111.35,30.65,3.35,2.71
111.27,30.7,3.35,2.71
111.42,30.53,3.35,2.71
111.32,30.77,3.35,2.71
111.63,31.07,3.5,2.76
110.75,31.35,3.41,2.94
110.98,30.83,3.34,2.86
111.18,30.47,3.35,2.71
110.67,30.2,3.34,2.86
111.45,30.4,3.35,2.71
111.78,30.82,3.35,2.71
111.77,30.43,3.35,2.71
112.15,32.02,3.74,2.55
112.15,32.02,3.74,2.55
112.13,32.03,3.74,2.55
112.2,32.08,3.74,2.55
111.83,31.78,3.5,2.76
111.65,32.27,3.61,2.69
111.25,31.88,3.5,2.76
111.67,32.38,3.61,2.69
112.75,32.13,3.74,2.55
112.25,31.72,3.62,2.57
114.88,30.4,3.67,3.33
114.67,30.08,3.67,3.33
114.73,30.53,3.67,3.33
114.88,30.4,3.67,3.33
112.2,31.03,3.62,2.57
112.2,31.05,3.62,2.57
112.2,30.98,3.54,2.56
113.1,31.02,3.7,2.96
112.58,30.7,3.54,2.56
112.58,31.17,3.62,2.57
113.92,30.93,3.62,2.95
113.92,30.92,3.62,2.95
113.97,31.25,3.7,2.96
114.12,31.57,3.7,3.35
113.75,31.02,3.7,2.96
113.57,30.95,3.62,2.95
113.68,31.27,3.7,2.96
113.83,30.65,3.62,2.95
112.23,30.33,3.54,2.56
112.25,30.32,3.54,2.56
112.18,30.35,3.54,2.56
112.23,30.07,3.54,2.56
112.88,29.82,3.44,2.66
112.42,30.03,3.54,2.56
112.4,29.73,3.44,2.66
113.45,29.8,3.45,3.04
111.77,30.18,3.35,2.71
114.87,30.45,3.67,3.33
114.88,30.43,3.67,3.33
114.87,30.63,3.67,3.33
114.62,31.28,3.7,3.35
115.4,30.78,3.66,3.51
115.67,30.75,3.66,3.51
115.27,30.45,3.66,3.51
115.43,30.23,3.66,3.51
115.93,30.08,3.66,3.51
115.03,31.18,3.69,3.56
115.55,29.85,3.49,3.53
114.32,29.85,3.46,3.42
114.3,29.87,3.46,3.42
113.9,29.98,3.45,3.04
113.82,29.25,3.45,3.04
114.03,29.55,3.46,3.42
114.52,29.6,3.46,3.42
113.88,29.72,3.45,3.04
113.37,31.72,3.7,2.96
113.37,31.72,3.7,2.96
113.82,31.62,3.7,2.96
109.47,30.3,3.2,2.98
109.47,30.3,3.2,2.98
108.93,30.3,3.19,3.07
109.73,30.6,3.2,2.98
110.33,31.05,3.41,2.94
109.48,29.98,3.01,2.9
109.15,29.68,3.01,2.9
109.4,29.52,3.01,2.9
110.03,29.9,3.1,2.8
113.45,30.37,3.62,2.95
112.88,30.42,3.54,2.56
113.17,30.67,3.62,2.95
110.67,31.75,3.41,2.94
112.93,28.23,3.29,2.86
113.03,28.18,3.36,3.24
112.98,28.12,3.29,2.86
112.93,28.23,3.29,2.86
112.98,28.25,3.29,2.86
113.03,28.13,3.36,3.24
113.07,28.25,3.36,3.24
112.82,28.37,3.29,2.86
112.55,28.25,3.29,2.86
113.63,28.15,3.36,3.24
113.13,27.83,3.34,3.24
113.17,27.87,3.34,3.24
113.15,27.83,3.34,3.24
113.1,27.87,3.34,3.24
113.12,27.83,3.34,3.24
113.13,27.72,3.34,3.24
113.33,27,3.34,3.24
113.53,26.8,3.35,3.03
113.77,26.48,3.35,3.03
113.48,27.67,3.34,3.24
112.93,27.83,3.3,2.98
112.9,27.87,3.3,2.98
112.95,27.87,3.3,2.98
112.95,27.78,3.3,2.98
112.53,27.73,3.3,2.98
112.52,27.93,3.3,2.98
112.57,26.9,3.29,3
112.62,26.9,3.29,3
112.6,26.88,3.29,3
112.6,26.9,3.29,3
112.6,26.9,3.29,3
112.73,27.25,3.3,2.98
112.37,26.97,3.29,3
112.67,26.73,3.29,3
112.87,27.23,3.3,2.98
112.95,27.08,3.3,2.98
112.12,26.78,3.29,3
112.85,26.42,3.29,3
112.38,26.42,3.29,3
111.47,27.25,3.19,2.89
111.47,27.23,3.19,2.89
111.45,27.23,3.19,2.89
111.45,27.25,3.19,2.89
111.75,27.25,3.19,2.89
111.45,27.32,3.19,2.89
111.27,27,3.19,2.89
111.03,27.12,3.19,2.89
110.57,27.05,3.2,2.8
110.15,26.58,3.18,2.92
110.85,26.43,3.18,2.92
110.32,26.37,3.18,2.92
110.63,26.73,3.18,2.92
113.12,29.37,3.45,3.04
113.1,29.37,3.45,3.04
113.3,29.47,3.45,3.04
113,29.43,3.45,3.04
113.12,29.15,3.45,3.04
112.57,29.52,3.44,2.66
112.88,28.68,3.29,2.86
113.58,28.72,3.36,3.24
113.08,28.8,3.36,3.24
113.47,29.48,3.45,3.04
111.68,29.05,3.24,2.73
111.68,29.03,3.24,2.73
111.68,29.02,3.24,2.73
112.17,29.42,3.44,2.66
111.97,28.9,3.16,2.81
111.75,29.63,3.24,2.73
111.65,29.45,3.24,2.73
111.48,28.9,3.16,2.81
111.38,29.58,3.24,2.73
111.88,29.62,3.24,2.73
110.47,29.13,3.1,2.8
110.48,29.13,3.1,2.8
110.53,29.35,3.1,2.8
111.12,29.42,3.24,2.73
110.15,29.4,3.1,2.8
112.32,28.6,3.29,2.86
112.32,28.6,3.29,2.86
112.37,28.6,3.29,2.86
112.4,29.38,3.44,2.66
112.12,28.53,3.29,2.86
111.22,28.38,3.16,2.81
112.38,28.85,3.29,2.86
113.02,25.78,3.34,3.19
113.02,25.8,3.34,3.19
113.03,25.8,3.34,3.19
112.73,25.73,3.25,3.29
112.95,25.4,3.25,3.29
113.1,26.13,3.35,3.03
112.37,25.58,3.25,3.29
112.55,25.28,3.25,3.29
113.68,25.55,3.34,3.19
113.93,26.08,3.35,3.03
113.27,26.7,3.35,3.03
113.23,25.98,3.34,3.19
111.62,26.43,3.23,2.96
111.6,26.43,3.23,2.96
111.85,26.58,3.23,2.96
111.28,26.4,3.23,2.96
111.65,25.97,3.18,3.18
111.58,25.53,3.18,3.18
111.33,25.28,3.18,3.18
111.93,25.6,3.18,3.18
112.18,25.37,3.25,3.29
112.22,25.92,3.25,3.29
111.58,25.18,3.18,3.18
110,27.57,3.2,2.8
109.95,27.55,3.03,2.81
109.93,27.4,3.03,2.81
110.38,28.47,3.1,2.76
110.18,28,3.1,2.76
110.58,27.92,3.2,2.8
109.72,26.87,3.11,2.89
109.8,27.87,3.03,2.81
109.17,27.37,3.03,2.81
109.68,27.45,3.03,2.81
109.68,26.58,3.11,2.89
109.78,26.17,3.11,2.89
109.82,27.2,3.03,2.81
112,27.73,3.3,2.98
112,27.73,3.3,2.98
112.2,27.45,3.3,2.98
111.3,27.75,3.19,2.89
111.43,27.68,3.19,2.89
111.67,27.7,3.19,2.89
109.73,28.32,3,2.81
109.73,28.32,3,2.81
110.22,28.22,3.1,2.76
109.6,27.95,3.03,2.81
109.48,28.58,3,2.81
109.65,28.72,3,2.81
109.95,28.62,3,2.81
109.85,29,3.01,2.9
109.43,29.47,3.01,2.9
113.27,23.13,3.69,4.26
113.23,23.13,3.69,4.26
113.27,23.13,3.69,4.26
113.25,23.1,3.69,4.26
113.35,23.12,3.69,4.26
113.27,23.17,3.69,4.26
113.45,23.1,3.69,4.26
113.35,22.95,3.87,4.79
113.22,23.4,3.69,4.26
113.83,23.3,3.69,4.26
113.58,23.55,3.69,4.26
113.6,24.82,3.44,3.73
113.57,24.8,3.44,3.73
113.6,24.8,3.44,3.73
113.6,24.68,3.44,3.73
114.07,24.95,3.55,3.61
113.75,25.08,3.34,3.19
114.13,24.35,3.55,3.61
113.27,24.78,3.44,3.73
114.2,24.07,3.55,3.61
113.35,25.13,3.34,3.19
114.3,25.12,3.41,3.09
114.05,22.55,3.91,5.34
114.12,22.55,3.91,5.34
114.05,22.53,3.91,5.34
113.92,22.52,3.87,4.79
113.9,22.57,3.87,4.79
114.27,22.73,3.91,5.34
114.22,22.55,3.91,5.34
113.57,22.27,3.87,4.79
113.55,22.27,3.87,4.79
113.28,22.22,3.87,4.79
113.4,22.07,3.87,4.79
116.68,23.35,3.88,4.87
116.72,23.37,3.88,4.87
116.7,23.37,3.88,4.87
116.6,23.27,3.88,4.87
116.43,23.25,3.88,4.87
116.77,23.48,3.88,4.87
117.02,23.42,4.26,5.18
113.12,23.02,3.69,4.26
113.15,23.03,3.69,4.26
113.3,22.8,3.87,4.79
112.87,23.17,3.65,4.17
112.88,22.9,3.79,4.24
113.08,22.58,3.87,4.79
113.03,22.47,3.87,4.79
112.78,22.25,3.79,4.24
112.67,22.38,3.79,4.24
112.97,22.77,3.79,4.24
112.3,22.18,3.79,4.24
110.35,21.27,3.92,4.35
110.37,21.27,3.92,4.35
110.4,21.2,3.92,4.35
110.47,21.23,3.92,4.35
110.32,21.27,3.92,4.35
110.25,21.38,3.92,4.35
110.17,20.33,4.42,4.84
110.27,21.62,3.92,4.35
110.08,20.92,4.42,4.84
110.77,21.43,3.92,4.35
110.92,21.67,3.92,4.35
110.92,21.63,3.92,4.35
111.02,21.47,4.09,4.6
111,21.5,4.09,4.6
110.85,21.92,3.92,4.35
110.63,21.67,3.92,4.35
110.95,22.35,3.76,3.91
112.47,23.05,3.65,4.17
112.48,23.05,3.65,4.17
112.57,23.17,3.65,4.17
112.43,23.63,3.65,4.17
112.18,23.92,3.65,4.17
111.5,23.43,3.65,3.84
111.77,23.15,3.65,3.84
112.45,23.03,3.65,4.17
112.68,23.33,3.65,4.17
114.42,23.12,3.76,4.35
114.4,23.08,3.76,4.35
114.47,22.8,3.91,5.34
114.28,23.18,3.76,4.35
114.72,22.98,3.91,5.34
114.25,23.73,3.76,4.35
116.12,24.28,3.76,4.15
116.12,24.32,3.76,4.15
116.05,24.28,3.76,4.15
116.7,24.35,3.76,4.15
116.18,23.77,3.88,4.87
115.77,23.93,3.85,4.56
115.88,24.57,3.69,3.75
116.17,24.67,3.76,4.15
115.73,24.15,3.69,3.75
115.37,22.78,4.29,5.76
115.33,22.97,4.29,5.76
115.65,23.3,3.85,4.56
115.65,22.95,4.29,5.76
114.7,23.73,3.76,4.35
114.7,23.73,3.76,4.35
115.18,23.63,3.85,4.56
115.25,24.1,3.69,3.75
114.48,24.37,3.55,3.61
114.93,24.45,3.55,3.61
114.77,23.82,3.76,4.35
111.98,21.87,4.09,4.6
111.95,21.87,4.09,4.6
111.62,21.75,4.09,4.6
112.02,21.88,4.22,4.85
111.78,22.18,3.79,4.08
113.03,23.7,3.69,4.26
113.02,23.7,3.69,4.26
113.53,23.88,3.69,4.26
112.63,24.48,3.35,3.85
112.08,24.57,3.35,3.85
112.28,24.72,3.35,3.85
112.98,23.73,3.65,4.17
113.4,24.18,3.44,3.73
112.38,24.78,3.35,3.85
113.75,23.05,3.69,4.26
113.38,22.52,3.87,4.79
116.62,23.67,3.88,4.87
116.63,23.68,3.88,4.87
116.68,23.45,3.88,4.87
117,23.67,4.26,5.18
116.37,23.55,3.88,4.87
116.42,23.57,3.88,4.87
115.83,23.43,3.85,4.56
116.28,23.03,3.88,4.87
116.18,23.3,3.88,4.87
112.03,22.92,3.79,4.24
112.03,22.93,3.79,4.24
112.23,22.7,3.79,4.24
111.53,23.23,3.65,3.84
112,23.08,3.65,4.17
111.57,22.77,3.79,4.08
108.37,22.82,3.75,3.44
108.38,22.87,3.75,3.44
108.28,22.78,3.75,3.44
108.3,22.83,3.75,3.44
108.32,22.77,3.75,3.44
108.48,22.75,3.75,3.44
108.27,23.17,3.51,3.13
107.68,23.18,3.66,2.97
108.17,23.72,3.51,3.13
108.6,23.43,3.51,3.13
108.8,23.22,3.51,3.13
109.27,22.68,3.72,3.7
109.42,24.33,3.39,3.04
109.38,24.35,3.39,3.04
109.33,24.27,3.39,3.04
109.23,24.65,3.39,3.04
109.73,24.48,3.39,3.04
109.4,25.23,3.19,2.97
109.25,25.07,3.19,2.97
109.6,25.78,3.19,2.97
110.28,25.28,3.16,3.06
110.48,24.78,3.4,3.25
110.2,25.23,3.16,3.06
110.32,25.42,3.16,3.06
111.07,25.93,3.18,3.18
110.67,25.62,3.16,3.06
109.98,24.98,3.39,3.04
111.15,25.48,3.18,3.18
110,25.8,3.16,3.06
110.63,26.03,3.18,2.92
110.63,24.63,3.4,3.25
110.83,24.83,3.4,3.25
111.27,23.48,3.65,3.84
111.23,23.42,3.65,3.84
110.92,23.38,3.54,3.53
110.52,24.2,3.4,3.25
110.98,22.92,3.76,3.91
109.12,21.48,4.08,4.19
109.43,21.53,4.08,4.19
109.2,21.67,4.08,4.19
108.35,21.7,3.86,4.12
108.37,21.65,3.86,4.12
108.35,21.77,3.86,4.12
107.98,22.15,3.72,3.18
107.97,21.53,3.72,4.05
108.62,21.95,3.86,4.12
108.63,21.98,3.86,4.12
109.3,22.43,3.72,3.7
109.55,22.27,3.72,3.7
109.6,23.1,3.59,3.29
109.42,23.13,3.59,3.29
110.38,23.55,3.54,3.53
110.08,23.4,3.54,3.53
110.17,22.63,3.76,3.91
110.55,22.87,3.76,3.91
110.27,22.33,3.76,3.91
109.97,22.28,3.72,3.7
109.87,22.75,3.72,3.7
110.35,22.72,3.76,3.91
106.62,23.9,3.72,2.87
106.92,23.73,3.72,2.87
107.12,23.6,3.66,2.97
107.58,23.32,3.66,2.97
106.62,23.33,3.72,2.87
106.42,23.13,3.72,2.87
105.83,23.42,3.95,2.77
106.57,24.35,3.74,2.79
106.55,24.78,3.74,2.79
106.23,24.3,3.74,2.79
105.1,24.5,3.93,2.75
105.33,24.77,3.93,2.75
111.55,24.42,3.36,3.55
110.8,24.17,3.4,3.25
111.3,24.53,3.36,3.55
111.27,24.83,3.36,3.55
108.07,24.7,3.37,2.94
108.05,24.7,3.37,2.94
107.53,24.98,3.48,2.84
107.17,25,3.34,2.8
107.05,24.55,3.48,2.84
107.37,24.52,3.48,2.84
108.9,24.78,3.37,2.94
108.25,24.83,3.37,2.94
107.25,24.15,3.48,2.84
108.1,23.93,3.51,3.13
107.98,23.73,3.66,2.97
108.67,24.5,3.37,2.94
109.23,23.73,3.59,3.29
108.67,24.07,3.37,2.94
109.68,23.97,3.59,3.29
109.67,23.6,3.59,3.29
110.18,24.13,3.4,3.25
108.87,23.82,3.51,3.13
107.37,22.4,3.72,3.18
107.9,22.63,3.72,3.18
107.07,22.13,3.72,3.18
106.85,22.35,3.65,2.99
107.2,22.83,3.72,3.18
107.13,23.08,3.66,2.97
106.75,22.12,3.65,2.99
110.32,20.03,4.42,4.84
110.28,20.02,4.42,4.84
110.3,20.03,4.42,4.84
110.35,20,4.42,4.84
110.37,20.03,4.42,4.84
109.5,18.25,4.54,6.54
109.52,18.78,4.54,6.54
110.47,19.25,4.27,5.59
109.57,19.52,4.52,5.55
110.8,19.55,4.27,5.59
110.4,18.8,4.43,6.6
108.63,19.1,4.79,6.05
110.32,19.7,4.27,5.59
110.1,19.37,4.27,5.59
110,19.73,4.27,5.59
109.68,19.92,4.52,5.55
109.45,19.23,4.52,5.55
109.05,19.25,4.52,5.55
109.17,18.75,4.54,6.54
110.03,18.5,4.43,6.6
109.7,18.63,4.54,6.54
109.83,19.03,4.52,5.55
106.55,29.57,3.06,3.15
108.4,30.82,3.19,3.07
107.4,29.72,3,3.14
106.57,29.55,3.06,3.15
106.48,29.48,3.06,3.15
106.57,29.6,3.06,3.15
106.45,29.53,3.06,3.15
106.5,29.5,3.06,3.15
106.57,29.52,3.06,3.15
106.4,29.8,3.06,3.15
106.92,28.97,2.99,2.89
105.78,29.48,3.14,3.17
106.63,29.72,3.06,3.15
106.52,29.38,3.06,3.15
108.77,29.53,2.97,3.02
107.08,29.87,3,3.14
106.65,29.03,3.06,3.15
105.83,30.18,3.21,3.83
106.05,29.85,3.06,3.15
105.72,29.7,3.14,3.17
105.58,29.4,3.14,3.17
106.22,29.6,3.06,3.15
107.8,30.68,3.06,3.16
108.67,31.95,3.36,3.11
107.73,29.87,3,3.14
107.35,30.33,3.06,3.16
107.75,29.33,3,3.14
108.02,30.3,3.19,3.07
108.42,31.18,3.36,3.11
108.67,30.95,3.19,3.07
109.47,31.02,3.39,3.06
109.88,31.08,3.39,3.06
109.63,31.4,3.39,3.06
108.12,30,3.19,3.07
108.98,28.45,2.93,2.96
108.77,28.85,2.93,2.96
108.17,29.3,2.97,3.02
104.07,30.67,3.18,4.02
104.08,30.67,3.18,4.02
104.05,30.68,3.18,4.02
104.05,30.7,3.18,4.02
104.05,30.65,3.18,4.02
104.1,30.67,3.18,4.02
104.27,30.57,3.18,4.02
104.23,30.88,3.18,4.02
104.15,30.83,3.18,4.02
103.83,30.7,3.26,4.05
104.43,30.85,3.18,4.02
103.92,30.58,3.26,4.05
103.88,30.82,3.26,4.05
103.52,30.58,3.26,4.05
103.5,30.2,3.26,4.05
103.82,30.42,3.26,4.05
103.62,31,3.92,5.29
103.93,30.98,3.26,4.05
103.47,30.42,3.26,4.05
103.67,30.63,3.26,4.05
104.78,29.35,3.15,3.21
104.77,29.35,3.15,3.21
104.72,29.35,3.15,3.21
104.77,29.37,3.15,3.21
104.87,29.27,3.15,3.21
104.42,29.47,3.15,3.21
104.98,29.18,3.15,3.21
101.72,26.58,4.83,3.34
101.7,26.55,4.83,3.34
101.6,26.6,4.83,3.34
101.73,26.5,4.83,3.34
102.12,26.88,4.7,3.13
101.85,26.7,4.83,3.34
105.43,28.87,3.06,2.68
105.45,28.88,3.06,2.68
105.37,28.77,3.06,2.68
105.43,28.9,3.06,2.68
105.38,29.15,3.14,3.17
105.83,28.82,3.06,2.68
105.43,28.17,3.06,2.68
105.82,28.05,3.06,2.68
104.38,31.13,3.2,5.12
104.38,31.13,3.2,5.12
104.68,31.03,3.2,5.12
104.5,31.32,3.2,5.12
104.28,30.98,3.18,4.02
104.17,31.13,3.2,5.12
104.2,31.35,3.2,5.12
104.73,31.47,3.2,5.12
104.73,31.47,3.2,5.12
104.75,31.47,3.2,5.12
105.08,31.1,3.21,4.66
105.38,31.22,3.21,4.66
104.57,31.53,3.2,5.12
105.17,31.63,3.21,4.66
104.45,31.82,3.2,5.12
104.53,32.42,3.55,4.97
104.75,31.78,3.2,5.12
105.83,32.43,3.42,4.3
105.05,29.58,3.14,3.17
103.77,29.57,3.1,3.29
105.97,32.32,3.42,4.3
105.88,32.65,3.42,4.3
106.28,32.23,3.4,3.61
105.23,32.58,3.42,4.3
105.52,32.28,3.42,4.3
105.93,31.73,3.21,4.66
105.57,30.52,3.21,3.83
105.57,30.52,3.21,3.83
105.45,30.35,3.21,3.83
105.72,30.78,3.21,3.83
105.38,30.87,3.21,3.83
105.25,30.58,3.21,3.83
105.05,29.58,3.14,3.17
105.05,29.58,3.14,3.17
103.77,29.57,3.1,3.29
105.07,29.6,3.14,3.17
104.67,29.53,3.15,3.21
104.85,29.78,3.15,3.21
105.28,29.35,3.14,3.17
103.77,29.57,3.1,3.29
105.05,29.58,3.14,3.17
103.77,29.57,3.1,3.29
103.55,29.42,3.1,3.29
103.82,29.4,3.1,3.29
103.08,29.25,3.1,3.29
103.95,29.22,3.1,3.29
104.07,29.65,3.15,3.21
103.57,29.73,3.1,3.29
103.9,28.97,3.42,3.01
103.27,29.23,3.1,3.29
103.55,28.83,3.42,3.01
103.48,29.6,3.1,3.29
106.08,30.78,3.12,3.49
106.08,30.78,3.12,3.49
106.1,30.77,3.12,3.49
106.05,30.77,3.12,3.49
106.07,31.35,3.24,3.91
106.57,31.08,3.24,3.91
106.42,31.03,3.24,3.91
106.28,31.27,3.24,3.91
105.88,31,3.21,4.66
106,31.55,3.24,3.91
103.83,30.05,3.26,4.05
103.83,30.05,3.26,4.05
104.15,30,3.18,4.02
103.87,30.2,3.26,4.05
103.37,29.92,3.1,3.29
103.52,30.02,3.26,4.05
103.85,29.83,3.1,3.29
104.62,28.77,3.04,2.72
104.62,28.77,3.04,2.72
104.55,28.7,3.04,2.72
104.98,28.85,3.04,2.72
105.07,28.73,3.06,2.68
104.92,28.58,3.04,2.72
104.52,28.43,3.04,2.72
104.72,28.45,3.04,2.72
104.52,28.17,3.04,2.72
105.23,28.3,3.06,2.68
104.33,28.83,3.04,2.72
106.63,30.47,3.12,3.49
106.43,30.55,3.12,3.49
106.28,30.35,3.12,3.49
106.93,30.33,3.12,3.49
106.77,30.38,3.12,3.49
107.5,31.22,3.24,3.16
107.48,31.22,3.24,3.16
107.5,31.2,3.24,3.16
107.72,31.35,3.24,3.16
107.87,31.08,3.24,3.16
107.2,30.73,3.06,3.16
106.97,30.83,3.12,3.49
108.03,32.07,3.49,2.92
103,29.98,3.1,3.29
103,29.98,3.1,3.29
103.12,30.08,3.26,4.05
102.85,29.8,3.74,3.36
102.65,29.35,3.74,3.36
102.37,29.23,3.74,3.36
102.75,30.07,4.26,4.07
102.92,30.15,4.26,4.07
102.82,30.37,4.26,4.07
106.77,31.85,3.24,3.91
106.77,31.85,3.24,3.91
107.23,31.92,3.24,3.16
106.83,32.35,3.4,3.61
107.1,31.57,3.24,3.16
104.65,30.12,3.18,4.02
104.65,30.12,3.18,4.02
105.33,30.1,3.21,3.83
105.02,30.28,3.21,3.83
104.55,30.4,3.18,4.02
102.22,31.9,4.42,5.46
103.58,31.48,3.92,5.29
103.17,31.43,3.92,5.29
103.85,31.68,3.92,5.29
103.6,32.63,4.22,5.63
104.23,33.27,4.09,3.56
102.07,31.48,4.42,5.46
102.37,31,4.42,5.46
102.98,32.07,4.52,6.29
102.22,31.9,4.42,5.46
100.98,32.27,4.68,6.53
101.7,32.9,4.65,6.41
102.95,33.58,4.68,6.56
102.55,32.8,4.52,6.29
101.97,30.05,4.74,4.33
101.97,30.05,4.74,4.33
102.23,29.92,3.74,3.36
101.88,30.88,4.74,4.33
101.5,29,4.81,3.62
101.02,30.03,4.74,4.33
101.12,30.98,4.74,4.33
100.68,31.4,4.78,5.86
99.98,31.62,4.71,6.22
100.32,30.95,4.82,4.58
98.58,31.82,4.87,6.74
98.83,31.22,4.87,6.74
98.1,32.98,4.7,6.99
100.33,32.27,4.68,6.53
100.27,30,4.82,4.58
99.1,30,4.85,5.19
99.8,28.93,4.86,3.98
100.3,29.03,4.98,3.89
99.28,28.72,4.86,3.98
102.27,27.9,4.53,3.24
102.27,27.9,4.53,3.24
101.28,27.93,4.79,3.45
101.5,27.43,4.79,3.45
102.18,27.4,4.53,3.24
102.25,26.67,4.7,3.13
102.58,26.63,4.7,3.13
102.77,27.07,4.53,3.24
102.53,27.38,4.53,3.24
102.82,27.72,4.53,3.24
103.25,27.7,4.09,2.89
102.85,28.02,4.21,3.31
102.42,28.32,4.21,3.31
102.17,28.55,4.21,3.31
102.52,28.65,4.21,3.31
102.77,28.97,4.21,3.31
103.13,28.33,3.42,3.01
103.57,28.27,3.42,3.01
106.63,26.65,3.34,2.76
106.72,26.57,3.34,2.76
106.72,26.62,3.34,2.76
106.75,26.63,3.34,2.76
106.65,26.68,3.34,2.76
106.7,26.53,3.34,2.76
106.97,27.07,3.13,2.76
106.73,27.1,3.13,2.76
106.58,26.83,3.34,2.76
106.47,26.55,3.34,2.76
104.83,26.6,4.14,2.72
104.83,26.6,4.14,2.72
105.48,26.22,3.56,2.66
104.95,26.55,4.14,2.72
104.47,25.72,4.2,2.79
106.92,27.73,3.13,2.76
106.92,27.65,3.13,2.76
106.92,27.73,3.13,2.76
106.83,27.53,3.13,2.76
106.82,28.13,2.99,2.89
107.18,27.95,3.03,3.01
107.43,28.55,2.88,3.11
107.6,28.88,2.88,3.11
107.88,28.53,2.88,3.11
107.72,27.97,3.03,3.01
107.48,27.77,3.03,3.01
107.88,27.22,3.03,3.01
106.22,28.32,2.99,2.89
105.7,28.58,3.06,2.68
106.42,27.82,3.13,2.76
105.95,26.25,3.56,2.66
105.92,26.25,3.56,2.66
106.25,26.42,3.34,2.76
105.75,26.32,3.56,2.66
105.77,26.07,3.56,2.66
105.62,25.95,3.72,2.74
106.08,25.75,3.54,2.77
109.18,27.72,3.03,2.81
109.18,27.72,3.03,2.81
108.85,27.7,3.05,2.91
108.92,27.23,3.05,2.91
108.23,27.52,3.05,2.91
108.25,27.93,3.05,2.91
108.4,28,2.93,2.96
108.12,28.27,2.93,2.96
108.5,28.57,2.93,2.96
109.2,28.17,3,2.81
109.2,27.52,3.03,2.81
104.9,25.08,4.2,2.79
105.18,25.43,3.72,2.74
104.95,25.78,4.2,2.79
105.22,25.83,3.72,2.74
105.65,25.38,3.72,2.74
106.1,25.17,3.54,2.77
105.82,24.98,3.93,2.75
105.47,25.12,3.72,2.74
105.28,27.3,3.29,2.51
105.28,27.3,3.29,2.51
105.6,27.15,3.29,2.51
106.03,27.03,3.13,2.76
106.22,27.47,3.13,2.76
105.77,26.67,3.56,2.66
105.38,26.78,3.56,2.66
104.72,27.13,3.49,2.56
107.97,26.58,3.16,2.85
107.97,26.58,3.16,2.85
107.9,26.9,3.16,2.85
108.12,27.03,3.05,2.91
108.68,26.97,3.14,2.87
108.42,27.05,3.05,2.91
108.82,27.18,3.05,2.91
109.2,26.92,3.11,2.89
109.2,26.68,3.11,2.89
108.45,26.73,3.14,2.87
108.32,26.67,3.14,2.87
109.13,26.23,3.11,2.89
108.52,25.93,3.25,2.88
108.9,25.75,3.25,2.88
108.07,26.38,3.14,2.87
107.58,26.5,3.16,2.85
107.8,26.2,3.16,2.85
107.52,26.27,3.16,2.85
107.52,26.27,3.16,2.85
107.5,26.7,3.16,2.85
107.88,25.42,3.34,2.8
107.23,26.58,3.16,2.85
107.47,27.07,3.03,3.01
107.53,25.83,3.34,2.8
107.32,25.83,3.34,2.8
106.75,25.43,3.54,2.77
106.45,26.03,3.34,2.76
106.97,26.45,3.34,2.76
106.65,26.13,3.34,2.76
107.87,25.98,3.34,2.8
102.72,25.05,4.74,3.04
102.7,25.05,4.74,3.04
102.72,25.03,4.74,3.04
102.75,25.02,4.74,3.04
102.67,25.03,4.74,3.04
103.18,26.08,4.49,2.92
102.8,24.88,4.68,2.99
102.6,24.67,4.68,2.99
102.5,25.22,4.74,3.04
103.15,24.92,4.51,2.88
103.27,24.77,4.51,2.88
103.03,25.35,4.51,2.92
102.47,25.55,4.74,3.04
103.25,25.57,4.51,2.92
102.48,24.92,4.68,2.99
103.8,25.5,4.51,2.92
103.8,25.5,4.51,2.92
103.58,25.43,4.51,2.92
103.67,25.03,4.51,2.92
103.98,24.83,4.51,2.88
104.3,24.88,4.17,2.78
104.25,25.67,4.2,2.79
103.3,26.42,4.49,2.92
103.82,25.62,4.51,2.92
104.1,26.22,4.14,2.72
102.55,24.35,4.68,2.99
102.75,24.28,4.68,2.99
102.92,24.67,4.68,2.99
102.75,24.12,4.68,2.99
102.93,24.2,4.68,2.99
102.17,24.67,4.68,2.99
102.4,24.18,4.68,2.99
101.98,24.07,4.6,3.02
99.17,25.12,4.58,3.32
99.17,25.12,4.58,3.32
99.18,24.73,4.58,3.06
98.5,25.03,4.4,3.14
98.68,24.58,4.53,3.03
99.6,24.83,4.58,3.06
103.72,27.33,4.09,2.89
103.72,27.33,4.09,2.89
103.55,27.2,4.09,2.89
102.92,26.92,4.7,3.13
104.23,28.12,3.04,2.72
103.88,27.75,4.09,2.89
103.63,28.23,3.42,3.01
103.95,28.6,3.42,3.01
104.87,27.45,3.49,2.56
104.05,27.63,3.49,2.56
105.05,27.85,3.29,2.51
104.4,28.63,3.04,2.72
100.23,26.88,4.78,3.54
100.23,26.88,4.78,3.54
100.23,26.82,4.78,3.54
100.75,26.68,4.78,3.54
101.27,26.63,4.83,3.34
100.85,27.28,4.82,3.67
101.68,23.43,4.54,2.89
100.83,24.45,4.55,3.05
100.7,23.5,4.58,2.87
101.85,22.58,4.6,2.8
99.93,22.55,4.73,2.78
99.62,22.63,4.73,2.78
100.08,23.88,4.58,2.87
100.08,23.88,4.58,2.87
99.92,24.6,4.58,3.06
100.13,24.45,4.55,3.05
99.25,24.03,4.58,3.06
98.83,23.78,4.59,2.91
99.4,23.55,4.64,2.88
99.25,23.15,4.64,2.88
101.55,25.03,4.81,3.19
101.55,25.03,4.81,3.19
101.63,24.7,4.6,3.02
101.53,25.32,4.81,3.19
101.27,25.2,4.81,3.19
101.23,25.5,4.81,3.19
101.32,25.73,4.81,3.19
101.67,26.07,4.83,3.34
101.88,25.7,4.81,3.19
102.4,25.53,4.74,3.04
102.08,25.15,4.74,3.04
103.4,23.37,4.54,2.83
103.15,23.37,4.54,2.83
103.27,23.72,4.54,2.83
103.4,23.37,4.54,2.83
103.68,22.98,4.1,2.78
102.83,23.62,4.6,2.91
102.5,23.72,4.6,2.91
103.43,24.4,4.51,2.88
103.77,24.53,4.51,2.88
102.83,23.23,4.6,2.91
102.42,23.37,4.6,2.91
102.4,23,4.6,2.91
103.97,22.52,4.1,2.78
104.25,23.37,4.27,2.76
104.25,23.37,4.27,2.76
104.33,23.62,4.27,2.76
104.67,23.45,4.27,2.76
104.7,23.12,4.27,2.76
104.4,23.02,4.27,2.76
104.18,24.05,4.17,2.78
105.07,24.05,3.93,2.75
105.62,23.63,3.95,2.77
100.8,22.02,4.66,2.8
100.8,22.02,4.66,2.8
100.45,21.97,4.67,2.77
101.57,21.48,4.63,2.77
100.23,25.6,4.75,3.34
100.23,25.6,4.75,3.34
99.95,25.67,4.58,3.32
100.55,25.48,4.75,3.34
100.58,25.83,4.75,3.34
100.48,25.35,4.75,3.34
100.52,25.05,4.75,3.34
100.3,25.23,4.75,3.34
99.53,25.47,4.58,3.32
99.37,25.88,4.58,3.32
99.95,26.12,4.45,3.52
99.9,26.53,4.45,3.52
100.18,26.57,4.78,3.54
98.58,24.43,4.53,3.03
97.85,24.02,4.56,3.01
98.58,24.43,4.53,3.03
98.3,24.82,4.53,3.03
97.93,24.72,4.56,3.01
97.8,24.2,4.56,3.01
98.85,25.85,4.4,3.14
98.85,25.85,4.4,3.14
98.87,26.9,4.22,3.28
98.67,27.73,4.01,3.46
99.42,26.45,4.45,3.52
99.7,27.83,4.41,3.67
99.7,27.83,4.41,3.67
98.92,28.48,4.43,4.12
99.28,27.18,4.41,3.67
91.13,29.65,5.53,6.52
91.13,29.65,5.53,6.52
91.25,29.9,5.53,6.52
91.1,30.48,5.04,6.5
90.15,29.45,5.41,6.46
90.73,29.37,5.41,6.46
91,29.65,5.53,6.52
91.35,29.68,5.53,6.52
91.73,29.83,5.53,6.52
97.18,31.13,4.91,7.27
97.18,31.13,4.91,7.27
98.22,31.5,4.87,6.74
98.27,30.87,5.05,6.15
96.6,31.22,4.84,7.1
95.6,31.42,4.64,6.93
97.57,30.65,4.9,7.11
96.92,30.05,4.84,7.01
97.85,29.67,4.84,6.11
98.6,29.68,5.1,5.28
95.83,30.75,4.64,6.92
94.7,30.93,4.56,6.83
91.77,29.23,5.53,6.52
91.77,29.23,5.53,6.52
91.33,29.25,5.53,6.52
90.98,29.3,5.41,6.46
92.02,29.27,5.29,6.57
91.68,29.03,5.53,6.52
92.2,29.07,5.29,6.57
91.43,28.43,5.3,6.37
90.87,28.38,5.41,6.51
92.58,29.15,5.29,6.57
92.47,28.42,5.44,6.23
91.95,28,5.3,6.37
90.4,28.97,5.41,6.51
88.88,29.27,5.82,6.38
88.88,29.27,5.82,6.38
89.1,29.68,5.78,6.41
89.6,28.92,5.78,6.57
87.12,28.67,5.85,6.55
88.02,28.9,5.98,6.56
87.63,29.08,5.8,6.34
87.23,29.3,5.8,6.34
88.27,29.43,5.82,6.38
89.27,29.12,5.78,6.41
89.83,29.23,5.78,6.41
89.68,28.57,5.78,6.57
87.77,28.37,5.85,6.55
84.03,29.77,5.95,5.67
88.9,27.48,4.79,5.7
85.3,28.85,5.33,4.91
85.98,28.17,5.33,4.91
85.23,29.33,5.81,5.77
88.52,28.28,5.98,6.56
92.07,31.48,5.11,6.46
92.07,31.48,5.11,6.46
93.25,30.65,4.85,6.74
93.68,31.48,4.84,6.61
92.3,32.12,4.98,6.44
91.68,32.27,5.21,6.36
88.7,30.93,5.44,6.22
93.78,31.88,4.84,6.61
90.02,31.37,5.38,6.22
94.03,31.93,4.84,6.76
87.23,31.78,5.56,6.04
80.1,32.5,5.65,6.68
81.17,30.3,5.26,5.99
79.8,31.48,5.07,6.26
80.1,32.5,5.65,6.68
79.72,33.38,5.48,6.93
81.12,32.4,5.89,6.52
84.07,32.3,5.7,6.21
85.17,31.02,5.72,6.1
94.37,29.68,4.8,6
94.37,29.68,4.8,6
93.25,29.88,5.13,6.28
94.22,29.22,4.8,6
95.33,29.33,4.37,5.9
95.77,29.87,4.37,5.9
97.47,28.67,4.28,4.27
93.07,29.05,5.13,6.28
108.93,34.27,3.93,3.14
108.95,34.27,3.93,3.14
108.93,34.23,3.93,3.14
108.93,34.27,3.93,3.14
109.07,34.27,4,3.14
108.93,34.28,3.93,3.14
108.95,34.22,3.93,3.14
109.23,34.65,4,3.14
109.22,34.37,4,3.14
108.93,34.17,3.93,3.14
109.32,34.15,4,3.14
108.2,34.17,3.93,3.14
108.6,34.1,3.93,3.14
109.08,34.53,4,3.14
108.93,34.9,3.93,3.14
109.07,35.07,4.13,4.78
109.1,35.1,4.13,4.78
108.98,34.92,3.93,3.14
109.12,35.4,4.13,4.78
107.13,34.37,3.86,3.12
107.15,34.37,3.86,3.12
107.13,34.38,3.86,3.12
107.37,34.37,3.86,3.12
107.38,34.52,3.86,3.12
107.62,34.45,3.86,3.12
107.87,34.37,3.86,3.12
107.75,34.28,3.86,3.12
106.85,34.9,3.9,3.06
107.13,34.65,3.86,3.12
107.78,34.68,3.86,3.12
106.52,33.92,3.65,2.58
107.32,34.07,3.86,3.12
108.7,34.33,3.93,3.14
108.72,34.35,3.93,3.14
108.07,34.28,3.93,3.14
108.73,34.33,3.93,3.14
108.93,34.62,3.93,3.14
108.83,34.53,3.93,3.14
108.23,34.53,3.93,3.14
108.42,34.48,3.93,3.14
108.13,34.7,3.93,3.14
108.08,35.03,4.13,4.88
107.78,35.2,4.13,4.99
108.33,35.12,4.13,4.88
108.58,34.78,3.93,3.14
108.2,34.27,3.93,3.14
108.48,34.3,3.93,3.14
109.5,34.5,4,3.14
109.48,34.5,4,3.14
109.77,34.52,4,3.14
110.23,34.55,3.98,3.04
109.93,34.8,4,3.14
110.15,35.23,4.11,4.35
109.93,35.18,4.13,4.78
109.58,34.95,4,3.14
109.58,35.18,4.13,4.78
109.18,34.75,4,3.14
110.43,35.48,4.11,4.35
110.08,34.57,3.98,3.04
109.48,36.6,4.32,5.62
109.48,36.6,4.32,5.62
110,36.58,4.35,5.07
110.18,36.88,4.35,5.07
109.67,37.13,4.47,5.69
109.32,36.87,4.32,5.62
108.77,36.82,4.31,5.77
109.35,36.28,4.32,5.62
109.37,35.98,4.13,4.78
109.43,35.77,4.13,4.78
110.17,36.05,4.35,5.07
109.83,35.58,4.13,4.78
109.25,35.58,4.13,4.78
107.02,33.07,3.73,2.44
107.03,33.07,3.73,2.44
106.93,33,3.65,2.58
107.33,33.15,3.73,2.44
107.55,33.22,3.73,2.44
107.77,32.98,3.46,2.93
106.67,33.15,3.65,2.58
106.25,32.83,3.4,3.61
106.15,33.33,3.65,2.58
107.9,32.53,3.46,2.93
106.92,33.62,3.65,2.58
107.98,33.53,3.73,2.44
109.73,38.28,4.59,5.32
109.75,38.28,4.59,5.32
110.5,38.83,4.53,4.87
111.07,39.03,4.58,3.93
109.28,37.95,4.47,5.69
108.8,37.6,4.47,5.79
107.6,37.58,4.51,5.9
110.25,37.5,4.47,5.19
110.18,37.75,4.47,5.19
110.48,38.02,4.53,4.87
110.73,37.45,4.47,5.19
110.12,37.08,4.47,5.19
110.03,37.62,4.47,5.19
109.02,32.68,3.59,2.9
109.02,32.68,3.59,2.9
108.5,32.9,3.49,2.92
108.25,33.05,3.76,2.48
108.32,33.32,3.76,2.48
108.53,32.52,3.49,2.92
108.9,32.32,3.49,2.92
109.35,32.4,3.59,2.9
109.52,31.88,3.39,3.06
109.38,32.83,3.59,2.9
110.1,32.82,3.61,2.83
109.93,33.87,3.8,2.52
109.93,33.87,3.8,2.52
110.13,34.08,3.98,3.04
110.33,33.7,3.82,2.54
110.88,33.53,3.82,2.54
109.88,33.53,3.8,2.52
109.15,33.43,3.8,2.52
109.1,33.68,3.8,2.52
103.82,36.07,4.43,6.42
103.83,36.05,4.43,6.42
103.62,36.1,4.43,6.42
102.87,36.33,4.47,6.56
103.27,36.73,4.43,6.42
103.95,36.33,4.43,6.42
104.12,35.85,4.43,5.42
98.27,39.8,4.55,7.05
102.18,38.5,4.67,6.68
102.18,38.5,4.67,6.68
101.97,38.25,4.58,6.83
104.18,36.55,4.51,6.28
104.18,36.55,4.51,6.28
104.83,36.73,4.51,6.28
104.68,36.57,4.51,6.28
105.05,35.7,4.28,5.11
104.07,37.15,4.68,6.28
105.72,34.58,4.03,3
106.13,34.75,3.9,3.06
105.67,34.87,4.03,3
105.33,34.73,4.03,3
104.88,34.72,4.28,3.71
106.22,35,4.18,5.05
102.63,37.93,4.33,6.71
102.63,37.93,4.33,6.71
103.08,38.62,4.63,6.43
102.88,37.47,4.33,6.71
103.13,36.98,4.43,6.42
100.45,38.93,4.56,6.97
100.45,38.93,4.56,6.97
99.62,38.83,4.6,7.02
100.82,38.43,4.56,6.97
100.17,39.13,4.72,6.96
99.82,39.38,4.62,7.07
101.08,38.78,4.58,6.83
106.67,35.55,4.18,5.05
106.67,35.55,4.18,5.05
107.37,35.33,4.13,4.99
107.62,35.07,4.13,4.99
107.03,35.3,4.13,4.99
106.65,35.22,4.18,5.05
106.05,35.2,4.18,5.05
105.72,35.52,4.28,5.11
98.52,39.75,4.55,7.05
98.52,39.75,4.55,7.05
98.9,39.98,4.55,7.05
94.88,39.52,4.68,6.69
94.33,39.63,4.68,6.69
97.05,40.28,4.67,6.82
94.67,40.13,4.67,6.29
107.63,35.73,4.13,4.99
107.63,35.73,4.13,4.99
107.88,36,4.36,5.91
107.3,36.58,4.36,5.91
107.98,36.47,4.36,5.91
108.02,35.82,4.13,4.88
108.37,35.5,4.13,4.88
107.92,35.5,4.13,4.99
107.2,35.68,4.13,4.99
104.62,35.58,4.43,5.42
104.62,35.58,4.43,5.42
105.25,35.2,4.28,5.11
104.63,35,4.43,5.42
104.22,35.13,4.43,5.42
103.87,35.38,4.45,5.98
104.47,34.85,4.28,3.71
104.03,34.43,4.28,3.71
104.92,33.4,4.09,3.56
104.92,33.4,4.09,3.56
105.72,33.73,3.74,2.73
104.68,32.95,3.55,4.97
104.38,34.05,4.28,3.71
105.6,33.33,3.74,2.73
105.3,34.02,4.03,3
105.17,34.18,4.03,3
106.08,33.77,3.65,2.58
106.3,33.92,3.65,2.58
103.22,35.6,4.45,5.98
103.22,35.6,4.45,5.98
103,35.5,4.45,5.98
103.72,35.37,4.45,5.98
103.32,35.93,4.45,5.98
103.58,35.48,4.45,5.98
103.35,35.43,4.45,5.98
103.4,35.67,4.45,5.98
102.92,34.98,4.61,6.64
102.92,34.98,4.61,6.64
103.35,34.7,4.39,5.17
103.5,34.58,4.39,5.17
104.37,33.78,4.09,3.56
103.22,34.05,4.39,5.17
102.07,34,4.61,6.64
102.48,34.58,4.61,6.64
102.52,35.2,4.56,6.54
101.78,36.62,4.67,6.62
101.8,36.62,4.67,6.62
101.78,36.62,4.67,6.62
101.77,36.62,4.67,6.62
101.77,36.67,4.67,6.62
101.68,36.93,4.67,6.62
101.57,36.5,4.67,6.62
101.27,36.68,4.67,6.62
102.12,36.5,4.47,6.56
102.12,36.5,4.47,6.56
102.8,36.33,4.47,6.56
102.4,36.48,4.47,6.56
101.95,36.83,4.67,6.62
102.27,36.1,4.47,6.56
102.48,35.85,4.56,6.54
100.9,36.97,4.79,6.69
101.62,37.38,4.45,6.8
100.25,38.18,4.56,6.97
100.98,36.9,4.79,6.69
100.13,37.33,4.68,6.88
102.02,35.52,4.56,6.54
102.02,35.52,4.56,6.54
102.03,35.93,4.56,6.54
101.47,35.03,4.72,6.57
101.6,34.73,4.66,6.64
100.62,36.28,4.79,6.69
100.62,36.28,4.79,6.69
100.57,35.25,4.88,6.6
101.43,36.05,4.67,6.62
99.98,35.58,4.76,6.64
100.75,35.58,4.88,6.6
100.23,34.48,4.59,6.63
100.23,34.48,4.59,6.63
100.73,32.93,4.68,6.53
99.9,33.97,4.53,6.71
99.65,33.75,4.53,6.71
101.48,33.43,4.59,6.58
98.18,34.92,4.79,6.79
97.02,33,4.75,7.07
97.02,33,4.75,7.07
95.3,32.9,4.76,6.92
97.1,33.37,4.75,7.07
95.62,33.85,4.65,6.9
96.48,32.2,4.92,7.09
95.8,34.13,4.83,6.86
97.37,37.37,4.88,6.83
94.9,36.42,5.02,6.91
97.37,37.37,4.88,6.83
98.48,36.93,4.97,6.72
98.08,36.3,4.97,6.72
99.02,37.3,4.75,6.91
106.28,38.47,4.5,5.93
106.28,38.48,4.5,5.93
106.18,38.48,4.5,5.93
106.25,38.47,4.5,5.93
106.25,38.28,4.5,5.93
106.35,38.55,4.5,5.93
106.33,38.1,4.5,5.93
106.38,39.02,4.6,5.78
106.38,39.02,4.6,5.78
106.78,39.25,4.6,5.78
106.53,38.9,4.5,5.93
106.2,37.98,4.53,6.01
106.2,37.98,4.53,6.01
107.4,37.78,4.51,5.9
105.92,36.98,4.45,6.15
106.07,38.02,4.5,5.93
106.28,36,4.43,6.03
106.28,36,4.43,6.03
105.73,35.97,4.28,5.11
106.12,35.62,4.18,5.05
106.33,35.48,4.18,5.05
106.63,35.85,4.18,5.05
105.18,37.52,4.59,6.11
105.18,37.52,4.59,6.11
105.67,37.48,4.59,6.11
105.65,36.57,4.45,6.15
87.62,43.82,4.2,4.56
87.65,43.78,4.2,4.56
87.6,43.78,4.2,4.56
87.6,43.85,4.2,4.56
87.63,43.83,4.2,4.56
87.42,43.87,4.2,4.56
88.3,43.35,4.26,4.55
87.68,43.95,4.2,4.56
87.6,43.8,4.2,4.56
84.87,45.6,4.01,5.68
84.85,44.32,3.95,5.65
84.87,45.6,4.01,5.68
85.13,45.7,4.01,5.53
85.68,46.08,4.04,5.44
89.17,42.95,4.46,3.9
89.17,42.95,4.46,3.9
90.22,42.87,4.43,4.11
88.65,42.78,4.38,3.94
93.52,42.83,4.54,5.28
93.52,42.83,4.54,5.28
94.7,43.25,4.31,5.67
87.3,44.02,4.09,4.99
87.3,44.02,4.09,4.99
87.98,44.15,4.09,4.99
87.65,43.97,4.2,4.56
86.9,44.18,4.09,5.21
86.22,44.3,4.09,5.21
89.58,44.02,4.17,4.77
89.18,44,4.17,4.77
90.28,43.83,4.17,4.71
82.07,44.9,4.08,6.11
82.07,44.9,4.08,6.11
82.88,44.6,4.08,6.11
81.03,44.97,4.13,6.22
86.15,41.77,4.43,4.25
86.15,41.77,4.43,4.25
84.27,41.78,4.45,4.15
86.25,41.33,4.43,4.25
88.17,39.02,4.6,7.02
85.53,38.13,4.72,7.41
86.57,42.07,4.38,4.09
86.4,42.32,4.38,4.09
86.87,42.27,4.38,4.09
86.63,41.98,4.43,4.25
80.27,41.17,4.44,4.62
80.27,41.17,4.44,4.62
80.23,41.28,4.44,4.62
82.97,41.72,4.44,4.31
82.78,41.22,4.44,4.31
82.6,41.55,4.44,4.31
81.87,41.8,4.4,4.46
79.23,41.22,4.4,4.96
80.38,40.63,4.54,5.48
79.05,40.5,4.55,5.72
76.17,39.72,4.74,6.96
75.95,39.15,4.54,7.4
78.45,40.93,4.55,5.98
75.25,39.72,4.54,7.4
75.98,39.47,4.54,7.4
75.98,39.47,4.54,7.4
75.85,39.38,4.54,7.4
76.05,39.4,4.74,6.96
76.17,38.93,4.45,7.2
77.27,38.18,4.74,6.84
77.23,38.42,4.74,6.84
77.42,37.88,4.71,7.16
77.65,38.9,4.74,6.84
76.77,39.23,4.74,6.96
76.73,39.5,4.74,6.96
78.55,39.78,4.65,6.43
79.92,37.12,4.83,7.32
79.92,37.12,4.83,7.32
79.93,37.1,4.83,7.32
79.73,37.27,4.83,7.32
78.28,37.62,4.76,7.24
80.18,37.07,4.82,7.41
80.8,37,4.82,7.41
81.67,36.85,4.76,8.11
82.68,37.07,4.86,7.59
81.32,43.92,4.1,5.8
81.32,43.92,4.1,5.8
84.9,44.42,3.95,5.65
81.52,43.98,4.1,5.8
81.15,43.83,4.1,5.8
80.88,44.05,4.05,6.33
82.23,43.48,4.22,5.61
83.25,43.43,4.08,5.4
81.13,43.15,4.1,5.8
81.83,43.22,4.1,5.8
82.5,43.78,4.22,5.61
82.98,46.75,4.03,5.93
82.98,46.75,4.03,5.93
84.68,44.43,3.95,5.65
83.63,46.53,4.03,5.76
85.62,44.33,4.01,5.43
83.6,45.93,3.95,5.84
82.98,46.2,4.03,5.93
85.72,46.8,4.04,5.44
88.13,47.85,4.13,4.35
88.13,47.85,4.13,4.35
86.85,47.7,3.91,4.85
89.52,47,4.13,4.13
87.5,47.12,3.91,4.56
86.42,48.07,3.92,4.59
90.38,46.67,4.3,4.44
85.88,47.43,3.77,5.14
86.03,44.3,4.09,5.21
81.28,40.55,4.47,5.24
79.13,39.85,4.58,6.34
87.53,44.17,4.09,4.99
114.08,22.2,3.91,5.34
113.33,22.13,3.87,4.79
121.5,25.03,4.05,6.58
120.28,22.62,4.78,7.29
121.73,25.13,4.05,6.58
120.67,24.15,4.32,6.76
120.2,23,4.44,7.3
120.95,24.82,4.32,6.76
120.43,23.48,4.44,7.3
121.47,25.02,4.05,6.58
121.75,24.77,3.76,7.14
121.3,24.97,3.76,7.14
120.8,24.53,4.32,6.76
120.72,24.25,4.32,6.76
120.53,24.08,4.32,6.76
120.67,23.92,4.44,7.3
120.53,23.72,4.44,7.3
120.32,23.32,4.44,7.3
120.37,22.63,4.78,7.29
120.48,22.67,4.78,7.29
121.15,22.75,4.14,7.28
121.6,23.98,3.92,7.37
119.58,23.58,4.4,6.84
